name,path
Online,Online-Jun-18-2020
Online-2,Online-2-Jun-22-2020
Email-6/23,Email-6/23-Jun-23-2020
Email-Test-2,Email-Test-2-Jun-24-2020
Email-Test-3,Email-Test-3-Jun-24-2020
Email-Test-4,Email-Test-4-Jun-24-2020
Official-6/24,Official-6/24-Jun-24-2020
Test_1,Test_1-Jun-25-2020
Test-5,Test-5-Jun-25-2020
Official-6/25,Official-6/25-Jun-25-2020
Test-2,Test-2-Jun-25-2020
Test-3,Test-3-Jun-25-2020
Official-7/2,Official-7/2-Jul--2020
Official-7/16,Official-7/16-Jul-16-2020
Official-7/23,Official-7/23-Jul-23-2020
Official-7/29,Official-7/29-Jul-29-2020
