,_id,count,count_with_activity,ratio
0,Dentist,106493,18994.0,17.84
1,,96794,8205.0,8.48
2,Auto Repair Shop,58106,19633.0,33.79
3,Restaurant,34794,16474.0,47.35
4,Medical Clinic,30929,7510.0,24.28
5,Gym,27007,6926.0,25.65
6,Grocery Store,25879,13875.0,53.61
7,Coffee Shop,25367,16420.0,64.73
8,Convenience Store,24631,14810.0,60.13
9,Mexican Restaurant,21188,16093.0,75.95
10,Fast Food Restaurant,20069,13258.0,66.06
11,Auto Body Shop,19962,7730.0,38.72
12,Shipping Service,18583,354.0,1.9
13,Pizza Restaurant,17765,12427.0,69.95
14,Clothing Store,16177,3696.0,22.85
15,Bar,15355,4024.0,26.21
16,Tire Shop,15122,8926.0,59.03
17,Cafe,14489,6096.0,42.07
18,Shopping Mall,13130,4566.0,34.78
19,Chinese Restaurant,11941,6812.0,57.05
20,Doctor,11820,923.0,7.81
21,Cell Phone Store,11525,3845.0,33.36
22,American Restaurant,11084,7602.0,68.59
23,Liquor Store,11070,5887.0,53.18
24,Sandwich Shop,10431,6517.0,62.48
25,Furniture Store,9408,3077.0,32.71
26,Auto Parts Store,9202,6631.0,72.06
27,Shipping And Mailing Service,8622,3727.0,43.23
28,Italian Restaurant,8399,6683.0,79.57
29,Gift Shop,8075,779.0,9.65
30,Drug Store,8040,7173.0,89.22
31,Ice Cream Shop,8009,3081.0,38.47
32,Department Store,7946,6101.0,76.78
33,Medical Center,7931,96.0,1.21
34,Medical Supply Store,7796,1047.0,13.43
35,Shoe Store,7586,1575.0,20.76
36,Dental Clinic,7320,3166.0,43.25
37,Dollar Store,7209,6556.0,90.94
38,Tobacco Shop,6647,2163.0,32.54
39,Store,6432,542.0,8.43
40,Trucking Company,6332,6.0,0.09
41,Florist,5618,1036.0,18.44
42,Beauty Supply Store,5478,1693.0,30.91
43,Tattoo Shop,5311,1080.0,20.34
44,Seafood Restaurant,5240,3764.0,71.83
45,Medical Group,4961,1028.0,20.72
46,Jewelry Store,4774,734.0,15.37
47,Pet Supply Store,4670,2620.0,56.1
48,Sign Shop,4649,6.0,0.13
49,Auto Glass Shop,4610,3.0,0.07
50,Hamburger Restaurant,4479,3381.0,75.49
51,Cosmetic Dentist,4400,1576.0,35.82
52,Thrift Store,4337,3.0,0.07
53,Print Shop,4279,563.0,13.16
54,Home Goods Store,4093,930.0,22.72
55,Japanese Restaurant,3850,2624.0,68.16
56,Fitness Center,3846,878.0,22.83
57,Electronics Store,3819,961.0,25.16
58,Pediatric Dentist,3789,1498.0,39.54
59,Physical Fitness Program,3729,933.0,25.02
60,Thai Restaurant,3704,2774.0,74.89
61,Mattress Store,3666,549.0,14.98
62,Pharmacy,3663,786.0,21.46
63,Hardware Store,3649,2234.0,61.22
64,Donut Shop,3601,2064.0,57.32
65,Antique Store,3558,531.0,14.92
66,Bakery,3557,1916.0,53.87
67,Medical Diagnostic Imaging Center,3397,1214.0,35.74
68,Chicken Restaurant,3391,2748.0,81.04
69,Sporting Goods Store,3370,1302.0,38.64
70,Barbecue Restaurant,3318,2326.0,70.1
71,Breakfast Restaurant,3309,2539.0,76.73
72,Vaporizer Store,3304,1420.0,42.98
73,Personal Trainer,3262,774.0,23.73
74,Pawn Shop,3235,1954.0,60.4
75,Sushi Restaurant,3234,2267.0,70.1
76,Barber Shop,2978,1220.0,40.97
77,Flooring Store,2788,961.0,34.47
78,Shipping Company,2728,7.0,0.26
79,Cosmetics Store,2666,732.0,27.46
80,Home Improvement Store,2652,2060.0,77.68
81,Paint Store,2642,1754.0,66.39
82,Vietnamese Restaurant,2615,1833.0,70.1
83,Indian Restaurant,2612,1909.0,73.09
84,Computer Store,2611,103.0,3.94
85,Mediterranean Restaurant,2551,1622.0,63.58
86,Bicycle Store,2523,7.0,0.28
87,Upholstery Shop,2514,274.0,10.9
88,Medical Laboratory,2464,2.0,0.08
89,Family Practice Physician,2382,897.0,37.66
90,Picture Frame Shop,2310,112.0,4.85
91,Diner,2261,1790.0,79.17
92,Steak House,2259,1808.0,80.04
93,Bagel Shop,2198,1539.0,70.02
94,Book Store,2193,699.0,31.87
95,Sports Bar,2178,766.0,35.17
96,Gun Shop,2176,707.0,32.49
97,Freight Forwarding Service,2170,107.0,4.93
98,Supermarket,2153,1477.0,68.6
99,Discount Store,2122,1241.0,58.48
100,Car Repair And Maintenance,2109,909.0,43.1
101,Embroidery Shop,2066,121.0,5.86
102,Bridal Shop,2051,311.0,15.16
103,Medical Spa,2032,318.0,15.65
104,Butcher Shop,2012,1058.0,52.58
105,Chicken Wings Restaurant,1982,1629.0,82.19
106,Urgent Care Center,1915,1348.0,70.39
107,Consignment Shop,1886,318.0,16.86
108,Boutique,1824,122.0,6.69
109,Gymnastics Center,1808,498.0,27.54
110,Video Game Store,1791,961.0,53.66
111,Office Supply Store,1778,1178.0,66.25
112,Gas Station,1776,1154.0,64.98
113,Pet Store,1768,714.0,40.38
114,Mechanic,1763,397.0,22.52
115,Electrical Supply Store,1732,,
116,Transmission Shop,1715,683.0,39.83
117,Appliance Store,1711,626.0,36.59
118,Post Office,1694,966.0,57.02
119,Hospital,1672,19.0,1.14
120,Yoga Studio,1665,208.0,12.49
121,Asian Restaurant,1637,979.0,59.8
122,Craft Store,1637,843.0,51.5
123,Lighting Store,1632,280.0,17.16
124,Martial Arts School,1626,731.0,44.96
125,Wine Store,1626,736.0,45.26
126,Frozen Yogurt Shop,1602,525.0,32.77
127,Health And Beauty Shop,1599,49.0,3.06
128,Truck Repair Shop,1508,480.0,31.83
129,Photo Shop,1496,,
130,Cocktail Bar,1486,410.0,27.59
131,Deli,1434,854.0,59.55
132,Family Restaurant,1421,1175.0,82.69
133,Juice Shop,1416,689.0,48.66
134,New American Restaurant,1414,988.0,69.87
135,Toy Store,1373,212.0,15.44
136,Party Store,1350,651.0,48.22
137,Physical Therapy Clinic,1307,297.0,22.72
138,Variety Store,1303,500.0,38.37
139,Cigar Shop,1291,527.0,40.82
140,Tex-mex Restaurant,1282,1163.0,90.72
141,Health Food Restaurant,1275,637.0,49.96
142,Video Arcade,1258,239.0,19.0
143,Fabric Store,1258,505.0,40.14
144,Mailing Service,1232,114.0,9.25
145,Pub,1208,553.0,45.78
146,Health Food Store,1202,326.0,27.12
147,Oil Change Service,1200,771.0,64.25
148,Taco Restaurant,1194,726.0,60.8
149,Chocolate Shop,1193,295.0,24.73
150,Dessert Shop,1187,325.0,27.38
151,Musical Instrument Store,1180,3.0,0.25
152,Medical Equipment Supplier,1154,267.0,23.14
153,Internist,1150,289.0,25.13
154,Takeout Restaurant,1136,553.0,48.68
155,Music Store,1124,2.0,0.18
156,Orthodontist,1118,377.0,33.72
157,Korean Restaurant,1112,766.0,68.88
158,Muffler Shop,1109,496.0,44.72
159,Greek Restaurant,1104,777.0,70.38
160,Fashion Accessories Store,1099,66.0,6.01
161,Trophy Shop,1084,135.0,12.45
162,Boxing Gym,1078,225.0,20.87
163,Uniform Store,1061,324.0,30.54
164,Cannabis Store,1055,761.0,72.13
165,Lounge,1047,266.0,25.41
166,Pilates Studio,1044,83.0,7.95
167,Auto Machine Shop,1036,173.0,16.7
168,Wine Bar,1029,557.0,54.13
169,Window Treatment Store,1027,2.0,0.19
170,Used Tire Shop,1004,492.0,49.0
171,Sportswear Store,986,223.0,22.62
172,Auto Restoration Service,971,163.0,16.79
173,Greeting Card Shop,965,216.0,22.38
174,Salvadoran Restaurant,949,762.0,80.3
175,Carpet Store,932,157.0,16.85
176,Car Stereo Store,914,455.0,49.78
177,Asian Fusion Restaurant,912,570.0,62.5
178,Tile Store,904,384.0,42.48
179,Lingerie Store,878,233.0,26.54
180,Swimming Pool Supply Store,870,189.0,21.72
181,Wig Shop,856,57.0,6.66
182,Candy Store,855,209.0,24.44
183,Cuban Restaurant,850,627.0,73.76
184,Peruvian Restaurant,844,665.0,78.79
185,Physical Therapist,826,37.0,4.48
186,Jamaican Restaurant,812,558.0,68.72
187,Hat Shop,794,50.0,6.3
188,Motorcycle Repair Shop,785,142.0,18.09
189,Latin American Restaurant,775,520.0,67.1
190,Used Car Dealer,775,261.0,33.68
191,Pizza Delivery,774,552.0,71.32
192,Jeweler,770,86.0,11.17
193,Caribbean Restaurant,769,466.0,60.6
194,Gastropub,764,521.0,68.19
195,Baby Store,763,,
196,French Restaurant,762,494.0,64.83
197,Amusement Center,753,306.0,40.64
198,Moving Company,716,,
199,Window Tinting Service,709,,
200,Bubble Tea Store,706,423.0,59.92
201,Vegan Restaurant,698,458.0,65.62
202,Psychologist,696,,
203,Night Club,692,94.0,13.58
204,Vintage Clothing Store,691,44.0,6.37
205,Beer Store,689,386.0,56.02
206,Motorcycle Shop,681,175.0,25.7
207,Adult Entertainment Store,680,3.0,0.44
208,Perfume Store,676,49.0,7.25
209,Mobile Phone Repair Shop,676,6.0,0.89
210,Comic Book Store,675,377.0,55.85
211,Buffet Restaurant,672,436.0,64.88
212,Car Dealer,665,360.0,54.14
213,Brake Shop,655,188.0,28.7
214,Medical Office,655,224.0,34.2
215,Asian Grocery Store,653,474.0,72.59
216,Hobby Store,652,233.0,35.74
217,Custom T-shirt Store,647,62.0,9.58
218,Herb Shop,642,103.0,16.04
219,Bowling Alley,639,386.0,60.41
220,Gourmet Grocery Store,638,295.0,46.24
221,Outlet Store,635,304.0,47.87
222,Game Store,634,295.0,46.53
223,Marine Supply Store,626,151.0,24.12
224,Tea House,615,284.0,46.18
225,Cake Shop,615,92.0,14.96
226,Hawaiian Restaurant,615,381.0,61.95
227,Plumbing Supply Store,608,360.0,59.21
228,Plus Size Clothing Store,592,126.0,21.28
229,Dominican Restaurant,587,401.0,68.31
230,Golf Shop,586,95.0,16.21
231,Pediatrician,582,216.0,37.11
232,Irish Pub,579,236.0,40.76
233,Auto Electrical Service,573,117.0,20.42
234,Animal Feed Store,572,332.0,58.04
235,Record Store,566,3.0,0.53
236,Ramen Restaurant,563,437.0,77.62
237,Fine Dining Restaurant,559,333.0,59.57
238,Colombian Restaurant,552,436.0,78.99
239,Soul Food Restaurant,546,318.0,58.24
240,Dental Implants Periodontist,540,187.0,34.63
241,Surf Shop,539,5.0,0.93
242,Fireworks Store,539,38.0,7.05
243,Bistro,534,310.0,58.05
244,Indian Grocery Store,530,404.0,76.23
245,Quilt Shop,530,103.0,19.43
246,Acupuncture Clinic,530,29.0,5.47
247,Mexican Grocery Store,527,415.0,78.75
248,T-shirt Store,522,38.0,7.28
249,Cabinet Store,521,95.0,18.23
250,Used Clothing Store,516,199.0,38.57
251,Fishing Store,511,128.0,25.05
252,Middle Eastern Restaurant,498,310.0,62.25
253,Packaging Supply Store,498,63.0,12.65
254,Cookie Shop,495,118.0,23.84
255,Brunch Restaurant,495,379.0,76.57
256,Vehicle Shipping Agent,488,13.0,2.66
257,Kitchen Supply Store,486,1.0,0.21
258,Office Furniture Store,480,110.0,22.92
259,Surgical Center,479,97.0,20.25
260,Motorcycle Dealer,478,242.0,50.63
261,Brewpub,472,379.0,80.3
262,Passport Photo Processor,472,3.0,0.64
263,Spanish Restaurant,465,300.0,64.52
264,Costume Store,461,42.0,9.11
265,Outdoor Furniture Store,459,72.0,15.69
266,Hot Dog Restaurant,454,247.0,54.41
267,Candle Store,452,23.0,5.09
268,Collectibles Store,450,57.0,12.67
269,Copy Shop,437,60.0,13.73
270,Bait Shop,433,111.0,25.64
271,Brewery,432,380.0,87.96
272,Religious Goods Store,431,105.0,24.36
273,Stationery Store,428,26.0,6.07
274,Sunglasses Store,425,15.0,3.53
275,Garden Center,421,168.0,39.9
276,Truck Accessories Store,420,198.0,47.14
277,Western Apparel Store,419,148.0,35.32
278,Occupational Health Service,417,316.0,75.78
279,Bookstore,416,87.0,20.91
280,Auto Dent Removal Service,415,50.0,12.05
281,Lumber Store,412,199.0,48.3
282,Car Inspection Station,411,134.0,32.6
283,General Store,410,106.0,25.85
284,Non-profit Organization,406,2.0,0.49
285,Off Licence,399,201.0,50.38
286,Restaurant Supply Store,398,,
287,Car Detailing Service,397,108.0,27.2
288,Machine Shop,395,69.0,17.47
289,Used Book Store,394,92.0,23.35
290,Courier Service,392,21.0,5.36
291,Cheesesteak Restaurant,390,145.0,37.18
292,Electronics Repair Shop,389,73.0,18.77
293,Hookah Bar,388,71.0,18.3
294,Outdoor Sports Store,386,166.0,43.01
295,Mental Health Service,384,3.0,0.78
296,Halal Restaurant,383,196.0,51.17
297,Building Materials Store,380,186.0,48.95
298,Filipino Restaurant,379,234.0,61.74
299,Yarn Store,378,97.0,25.66
300,Dance Store,376,29.0,7.71
301,Korean Barbecue Restaurant,375,289.0,77.07
302,Tuxedo Shop,373,52.0,13.94
303,Watch Store,373,32.0,8.58
304,Coin Dealer,372,63.0,16.94
305,Antique Furniture Store,372,51.0,13.71
306,Gift Basket Store,371,14.0,3.77
307,Art Supply Store,371,126.0,33.96
308,Kosher Restaurant,370,268.0,72.43
309,Fireplace Store,369,1.0,0.27
310,Auto Upholsterer,363,73.0,20.11
311,Leather Goods Store,356,51.0,14.33
312,Cancer Treatment Center,353,103.0,29.18
313,Running Store,353,170.0,48.16
314,Metaphysical Supply Store,351,143.0,40.74
315,Swimwear Store,347,15.0,4.32
316,General Practitioner,346,139.0,40.17
317,Cajun Restaurant,344,236.0,68.6
318,Dive Shop,343,99.0,28.86
319,Chiropractor,334,135.0,40.42
320,Vacuum Cleaner Store,320,40.0,12.5
321,Cardiologist,319,45.0,14.11
322,Auto Radiator Repair Service,318,56.0,17.61
323,Skateboard Shop,314,36.0,11.46
324,Tropical Fish Store,314,179.0,57.01
325,Skin Care Clinic,312,34.0,10.9
326,Chemist,310,273.0,88.06
327,Tool Store,310,134.0,43.23
328,Pound Shop,310,290.0,93.55
329,Shower Door Shop,308,45.0,14.61
330,Glass Shop,307,75.0,24.43
331,Used Furniture Store,305,69.0,22.62
332,State Liquor Store,305,201.0,65.9
333,Brazilian Restaurant,305,219.0,71.8
334,Rv Repair Shop,304,89.0,29.28
335,Lawn Mower Store,303,135.0,44.55
336,Countertop Store,299,88.0,29.43
337,Hearing Aid Store,299,,
338,Motorcycle Parts Store,299,61.0,20.4
339,Ethiopian Restaurant,298,190.0,63.76
340,Tattoo And Piercing Shop,298,112.0,37.58
341,Sewing Shop,296,40.0,13.51
342,Hair Salon,296,112.0,37.84
343,Aircraft Supply Store,295,16.0,5.42
344,Oral Surgeon,292,102.0,34.93
345,Luggage Store,292,20.0,6.85
346,Exercise Equipment Store,292,23.0,7.88
347,Bowling Supply Shop,292,8.0,2.74
348,Screen Printing Shop,291,43.0,14.78
349,Karaoke Bar,288,28.0,9.72
350,Obstetrician-gynecologist,287,1.0,0.35
351,Caterer,286,96.0,33.57
352,Tack Shop,285,64.0,22.46
353,Eye Care Center,280,89.0,31.79
354,Body Piercing Shop,279,68.0,24.37
355,Pottery Store,279,48.0,17.2
356,Weight Loss Service,277,75.0,27.08
357,Towing Service,277,109.0,39.35
358,Orthopedic Clinic,275,82.0,29.82
359,Movie Rental Kiosk,274,2.0,0.73
360,Diesel Engine Repair Service,272,77.0,28.31
361,Dental Laboratory,271,,
362,Moving And Storage Service,270,,
363,Bicycle Repair Shop,270,88.0,32.59
364,Auto Tune Up Service,266,81.0,30.45
365,Recreation Center,266,171.0,64.29
366,Periodontist,265,59.0,22.26
367,Boat Repair Shop,262,63.0,24.05
368,Welding Supply Store,261,96.0,36.78
369,Pest Control Service,259,11.0,4.25
370,Battery Store,258,193.0,74.81
371,Espresso Bar,258,148.0,57.36
372,Gay Bar,257,52.0,20.23
373,Natural Goods Store,254,91.0,35.83
374,Occupational Medical Physician,253,54.0,21.34
375,Grill,250,170.0,68.0
376,Used Auto Parts Store,249,118.0,47.39
377,Boot Store,249,128.0,51.41
378,Soccer Store,247,36.0,14.57
379,Landscaping Supply Store,247,112.0,45.34
380,Endodontist,246,57.0,23.17
381,Emergency Dental Service,246,19.0,7.72
382,Family Counselor,242,,
383,Puerto Rican Restaurant,242,166.0,68.6
384,Walk-in Clinic,242,107.0,44.21
385,Bird Shop,241,59.0,24.48
386,Used Appliance Store,241,61.0,25.31
387,Camera Store,241,2.0,0.83
388,Home Theater Store,241,17.0,7.05
389,Kickboxing School,241,77.0,31.95
390,Commercial Printer,239,67.0,28.03
391,Orthopedic Surgeon,238,77.0,32.35
392,Warehouse Club,237,228.0,96.2
393,Chevrolet Dealer,236,222.0,94.07
394,Dermatologist,234,73.0,31.2
395,Lebanese Restaurant,234,163.0,69.66
396,Warehouse Store,232,175.0,75.43
397,African Goods Store,232,80.0,34.48
398,Mental Health Clinic,228,2.0,0.88
399,Vegetarian Restaurant,226,154.0,68.14
400,Racing Car Parts Store,226,67.0,29.65
401,Pain Management Physician,225,77.0,34.22
402,Smog Inspection Station,222,99.0,44.59
403,Souvenir Store,221,30.0,13.57
404,Persian Restaurant,220,161.0,73.18
405,Camping Store,220,123.0,55.91
406,General Hospital,218,,
407,Manufacturer,217,1.0,0.46
408,Coffee Roasters,217,105.0,48.39
409,Coffee Store,216,58.0,26.85
410,Bead Store,214,40.0,18.69
411,Pastry Shop,214,76.0,35.51
412,Guitar Store,212,,
413,Corporate Office,210,2.0,0.95
414,Produce Market,210,86.0,40.95
415,Beauty Salon,208,51.0,24.52
416,Baby Clothing Store,207,9.0,4.35
417,Haitian Restaurant,207,146.0,70.53
418,Community Health Centre,206,133.0,64.56
419,Skate Shop,206,48.0,23.3
420,Self-storage Facility,205,,
421,Hot Tub Store,204,39.0,19.12
422,Honduran Restaurant,204,161.0,78.92
423,Turkish Restaurant,202,149.0,73.76
424,Diagnostic Center,201,41.0,20.4
425,Aquarium Shop,200,61.0,30.5
426,Wedding Store,198,12.0,6.06
427,Wellness Center,198,68.0,34.34
428,Ford Dealer,196,190.0,96.94
429,Rock Shop,196,,
430,Rug Store,195,,
431,Pakistani Restaurant,194,141.0,72.68
432,Podiatrist,194,18.0,9.28
433,Trailer Repair Shop,192,60.0,31.25
434,Home Audio Store,192,11.0,5.73
435,Californian Restaurant,192,122.0,63.54
436,Jewelry Designer,191,15.0,7.85
437,Taiwanese Restaurant,188,115.0,61.17
438,Sports Memorabilia Store,188,22.0,11.7
439,Traditional American Restaurant,187,131.0,70.05
440,Dress Store,185,29.0,15.68
441,Organic Restaurant,184,112.0,60.87
442,Video Store,183,,
443,German Restaurant,183,124.0,67.76
444,Optician,183,10.0,5.46
445,Wheel Store,183,88.0,48.09
446,Toyota Dealer,182,173.0,95.05
447,Logistics Service,182,58.0,31.87
448,Christmas Store,182,17.0,9.34
449,Sports Card Store,181,34.0,18.78
450,Psychotherapist,181,,
451,Argentinian Restaurant,180,142.0,78.89
452,Health Club,178,34.0,19.1
453,Salad Shop,177,104.0,58.76
454,Japanese Steakhouse,177,148.0,83.62
455,Cupcake Shop,176,49.0,27.84
456,Bathroom Supply Store,176,67.0,38.07
457,Venezuelan Restaurant,175,123.0,70.29
458,Screen Printer,174,47.0,27.01
459,Cheese Shop,173,58.0,33.53
460,Sports Medicine Clinic,173,42.0,24.28
461,Muay Thai Boxing Gym,172,35.0,20.35
462,Pizza Takeout,171,91.0,53.22
463,Psychiatrist,171,1.0,0.58
464,Boat Dealer,170,50.0,29.41
465,West African Restaurant,168,112.0,66.67
466,Christian Book Store,168,48.0,28.57
467,African Restaurant,165,83.0,50.3
468,Computer Software Store,164,,
469,Wheel Alignment Service,164,73.0,44.51
470,Surgeon,163,9.0,5.52
471,Internet Shop,161,3.0,1.86
472,Car Wash,161,113.0,70.19
473,Tea Store,160,30.0,18.75
474,Internet Service Provider,159,,
475,Shopping Center,159,127.0,79.87
476,Motorsports Store,159,56.0,35.22
477,Surgical Supply Store,158,13.0,8.23
478,Charity Shop,157,,
479,Violin Shop,157,,
480,Pho Restaurant,157,97.0,61.78
481,Art Gallery,154,18.0,11.69
482,Live Music Venue,154,39.0,25.32
483,Atm,153,5.0,3.27
484,Ski Shop,152,64.0,42.11
485,Tennis Store,152,20.0,13.16
486,Adult Entertainment Club,151,,
487,Novelty Store,151,19.0,12.58
488,Spice Store,149,42.0,28.19
489,Sleep Clinic,149,20.0,13.42
490,Piano Store,148,,
491,Shoe Repair Shop,148,26.0,17.57
492,Second Hand Store,147,28.0,19.05
493,Home Health Care Service,147,46.0,31.29
494,Outdoor Clothing And Equipment Shop,146,47.0,32.19
495,Alternative Medicine Practitioner,146,31.0,21.23
496,Gold Dealer,146,13.0,8.9
497,Work Clothes Store,146,61.0,41.78
498,Gastroenterologist,144,31.0,21.53
499,Eclectic Restaurant,144,97.0,67.36
500,Emergency Room,144,1.0,0.69
501,Hot Pot Restaurant,144,89.0,61.81
502,Car Accessories Store,144,51.0,35.42
503,Kitchen Remodeler,144,,
504,Orthopedic Shoe Store,143,26.0,18.18
505,Mailbox Rental Service,143,25.0,17.48
506,Honda Dealer,142,138.0,97.18
507,Furniture Repair Shop,142,12.0,8.45
508,Community Center,142,68.0,47.89
509,Herbal Medicine Store,140,25.0,17.86
510,Dental Supply Store,140,11.0,7.86
511,Delivery Service,139,9.0,6.47
512,Sports Complex,139,52.0,37.41
513,Car Service,137,49.0,35.77
514,Nissan Dealer,136,129.0,94.85
515,Dance School,136,33.0,24.26
516,Event Venue,135,37.0,27.41
517,Pain Control Clinic,134,24.0,17.91
518,Popcorn Store,134,33.0,24.63
519,Archery Store,133,51.0,38.35
520,Rehabilitation Center,133,2.0,1.5
521,Woodworking Supply Store,132,72.0,54.55
522,Ecuadorian Restaurant,132,99.0,75.0
523,Surplus Store,131,39.0,29.77
524,Educational Supply Store,131,53.0,40.46
525,European Restaurant,131,78.0,59.54
526,Rock Climbing Gym,130,44.0,33.85
527,Guatemalan Restaurant,130,98.0,75.38
528,Pool Hall,129,21.0,16.28
529,Blinds Shop,129,11.0,8.53
530,Market,126,80.0,63.49
531,Generator Shop,125,20.0,16.0
532,Truck Rental Agency,124,21.0,16.94
533,Wedding Bakery,124,28.0,22.58
534,Irish Restaurant,123,48.0,39.02
535,Truck Stop,122,105.0,86.07
536,Engine Rebuilding Service,121,26.0,21.49
537,Wallpaper Store,121,,
538,Doughnut Shop,120,63.0,52.5
539,Grill Store,119,31.0,26.05
540,Amusement Park,119,65.0,54.62
541,Afghani Restaurant,119,74.0,62.18
542,Wholesaler,119,44.0,36.97
543,X-ray Lab,119,6.0,5.04
544,Portuguese Restaurant,119,94.0,78.99
545,Police Supply Store,118,46.0,38.98
546,Butcher Shop Deli,115,68.0,59.13
547,Chinese Takeaway,114,51.0,44.74
548,Hookah Store,113,27.0,23.89
549,Computer Repair Service,113,23.0,20.35
550,Formal Wear Store,113,21.0,18.58
551,Delivery Restaurant,113,46.0,40.71
552,Used Computer Store,113,10.0,8.85
553,Laser Tag Center,112,48.0,42.86
554,Authentic Japanese Restaurant,110,74.0,67.27
555,Mongolian Barbecue Restaurant,110,82.0,74.55
556,Endocrinologist,110,17.0,15.45
557,Handbags Shop,108,1.0,0.93
558,Oncologist,108,16.0,14.81
559,Shooting Range,108,98.0,90.74
560,Neurologist,108,15.0,13.89
561,Youth Organization,107,,
562,Optometrist,107,52.0,48.6
563,Cabinet Maker,107,,
564,Bedroom Furniture Store,107,18.0,16.82
565,Association Or Organization,106,,
566,Italian Grocery Store,106,76.0,71.7
567,Beer Garden,105,56.0,53.33
568,Billiards Supply Store,105,33.0,31.43
569,Hockey Supply Store,105,41.0,39.05
570,Winery,104,65.0,62.5
571,Needlework Shop,104,10.0,9.62
572,Seafood Market,104,65.0,62.5
573,Do-it-yourself Shop,104,,
574,Sports Nutrition Store,103,9.0,8.74
575,Linens Store,100,14.0,14.0
576,Medical Billing Service,100,6.0,6.0
577,Ophthalmologist,100,45.0,45.0
578,Oyster Bar Restaurant,99,71.0,71.72
579,Medical Equipment Manufacturer,98,2.0,2.04
580,Polish Restaurant,98,64.0,65.31
581,Snack Bar,98,18.0,18.37
582,Flag Store,98,7.0,7.14
583,Organic Shop,98,1.0,1.02
584,Sichuan Restaurant,96,80.0,83.33
585,Pie Shop,96,47.0,48.96
586,Transportation Service,95,11.0,11.58
587,Ear Piercing Service,95,4.0,4.21
588,Mall,95,76.0,80.0
589,Live Music Bar,95,26.0,27.37
590,Plastic Surgeon,95,1.0,1.05
591,Atv Repair Shop,95,20.0,21.05
592,Radiologist,95,27.0,28.42
593,Interior Designer,94,1.0,1.06
594,Miniature Golf Course,94,31.0,32.98
595,Scrapbooking Store,94,8.0,8.51
596,Korean Grocery Store,94,86.0,91.49
597,Rv Dealer,94,54.0,57.45
598,CrÃªperie,94,54.0,57.45
599,Boot Camp,93,29.0,31.18
600,Jewelry Buyer,93,16.0,17.2
601,Neon Sign Shop,92,,
602,Auto Body Parts Supplier,92,32.0,34.78
603,Trading Card Store,92,39.0,42.39
604,Massage Therapist,92,9.0,9.78
605,Dessert Restaurant,92,41.0,44.57
606,Car Battery Store,91,37.0,40.66
607,Nepalese Restaurant,91,68.0,74.73
608,Farm Shop,91,11.0,12.09
609,Indoor Cycling,91,33.0,36.26
610,Pulmonologist,91,17.0,18.68
611,Trailer Dealer,90,43.0,47.78
612,Jujitsu School,90,43.0,47.78
613,Pan-asian Restaurant,89,69.0,77.53
614,Truck Dealer,89,55.0,61.8
615,Roofing Supply Store,89,42.0,47.19
616,Oxygen Equipment Supplier,88,23.0,26.14
617,Reptile Store,87,55.0,63.22
618,Used Office Furniture Store,86,20.0,23.26
619,Tapas Restaurant,85,60.0,70.59
620,Roller Skating Rink,84,48.0,57.14
621,Mazda Dealer,84,82.0,97.62
622,Costume Jewelry Shop,84,2.0,2.38
623,Denture Care Center,84,48.0,57.14
624,General Contractor,84,,
625,Urologist,83,9.0,10.84
626,Auto Air Conditioning Service,83,13.0,15.66
627,Movie Rental Store,82,47.0,57.32
628,Burglar Alarm Store,82,,
629,Movie Theater,82,41.0,50.0
630,Balloon Store,81,4.0,4.94
631,Self Defense School,81,41.0,50.62
632,Miniatures Store,81,9.0,11.11
633,Gyro Restaurant,80,50.0,62.5
634,Lunch Restaurant,80,32.0,40.0
635,Boxing Club,80,33.0,41.25
636,Hair Replacement Service,80,10.0,12.5
637,Burrito Restaurant,80,52.0,65.0
638,Escape Room Center,79,38.0,48.1
639,Glass Repair Service,79,,
640,Brewing Supply Store,79,44.0,55.7
641,Pregnancy Care Center,79,,
642,Childrens Store,79,10.0,12.66
643,Vacuum Cleaner Repair Shop,78,9.0,11.54
644,Warehouse,78,,
645,Health Consultant,78,5.0,6.41
646,Baking Supply Store,78,52.0,66.67
647,Karate School,77,21.0,27.27
648,Nicaraguan Restaurant,77,50.0,64.94
649,Oriental Rug Store,77,10.0,12.99
650,Pet Groomer,77,28.0,36.36
651,Park,77,58.0,75.32
652,Club,77,21.0,27.27
653,Hyundai Dealer,76,72.0,94.74
654,Organic Food Store,76,26.0,34.21
655,Business Center,76,,
656,Indoor Playground,76,27.0,35.53
657,Pipe Supplier,76,23.0,30.26
658,Northern Italian Restaurant,76,51.0,67.11
659,Internet Cafe,75,23.0,30.67
660,Bedding Store,75,3.0,4.0
661,Rheumatologist,74,9.0,12.16
662,Sewing Machine Store,74,41.0,55.41
663,Maternity Store,74,2.0,2.7
664,Doll Store,74,13.0,17.57
665,Notary Public,73,19.0,26.03
666,Model Train Store,72,24.0,33.33
667,Food Store,72,6.0,8.33
668,Atv Dealer,71,33.0,46.48
669,Plant Nursery,70,26.0,37.14
670,Safety Equipment Supplier,70,4.0,5.71
671,Russian Restaurant,70,42.0,60.0
672,Appliance Repair Service,70,3.0,4.29
673,Grocery Delivery Service,70,10.0,14.29
674,Coffee Stand,69,28.0,40.58
675,Fondue Restaurant,69,50.0,72.46
676,Driveshaft Shop,68,36.0,52.94
677,Delivery Chinese Restaurant,68,27.0,39.71
678,Cantonese Restaurant,68,49.0,72.06
679,Medical School,68,,
680,Beer Hall,68,39.0,57.35
681,Cutlery Store,68,17.0,25.0
682,Fusion Restaurant,67,43.0,64.18
683,Donations Center,67,,
684,Juice Bar,67,38.0,56.72
685,Dim Sum Restaurant,67,40.0,59.7
686,Duty Free Store,67,4.0,5.97
687,Fruit And Vegetable Store,67,16.0,23.88
688,Stamp Shop,66,2.0,3.03
689,Banner Store,66,2.0,3.03
690,Pancake Restaurant,66,60.0,90.91
691,Rustic Furniture Store,66,11.0,16.67
692,Tapas Bar,66,19.0,28.79
693,Harley-davidson Dealer,65,61.0,93.85
694,Butchers,65,32.0,49.23
695,Golf Course,65,54.0,83.08
696,Japanese Grocery Store,65,59.0,90.77
697,Urology Clinic,64,3.0,4.69
698,Kitchen Furniture Store,64,,
699,Lawn Mower Repair Service,64,23.0,35.94
700,School Supply Store,64,,
701,Martial Arts Supply Store,64,8.0,12.5
702,Pretzel Store,64,15.0,23.44
703,Kosher Grocery Store,63,51.0,80.95
704,Barber Supply Store,63,,
705,Repair Service,63,21.0,33.33
706,Nutritionist,63,4.0,6.35
707,Mexican Goods Store,62,22.0,35.48
708,Nephrologist,62,4.0,6.45
709,Frozen Yoghurt Shop,62,24.0,38.71
710,Pen Store,62,3.0,4.84
711,Embroidery Service,62,8.0,12.9
712,Distribution Service,61,18.0,29.51
713,Fence Supply Store,61,12.0,19.67
714,Golf Cart Dealer,61,20.0,32.79
715,Volkswagen Dealer,61,58.0,95.08
716,Petrol Station,61,41.0,67.21
717,Adult Dvd Store,61,1.0,1.64
718,Door Shop,60,,
719,Musical Instrument Repair Shop,60,11.0,18.33
720,Diabetes Center,60,4.0,6.67
721,Knit Shop,60,9.0,15.0
722,Motor Scooter Dealer,60,18.0,30.0
723,Graphic Designer,60,,
724,Emergency Care Physician,60,,
725,Magic Store,60,6.0,10.0
726,Down Home Cooking Restaurant,60,27.0,45.0
727,Cider Bar,60,39.0,65.0
728,Go-kart Track,60,33.0,55.0
729,Cafeteria,59,24.0,40.68
730,Nail Salon,58,24.0,41.38
731,Electric Motor Repair Shop,58,27.0,46.55
732,Casino,58,29.0,50.0
733,British Restaurant,58,33.0,56.9
734,Promotional Products Supplier,58,,
735,Dvd Store,57,12.0,21.05
736,Banquet Hall,57,26.0,45.61
737,South African Restaurant,57,47.0,82.46
738,Conveyor Belt Sushi Restaurant,57,43.0,75.44
739,Kia Dealer,56,48.0,85.71
740,Malaysian Restaurant,56,45.0,80.36
741,Outlet Mall,56,41.0,73.21
742,Tailor,56,4.0,7.14
743,Bathroom Remodeler,56,,
744,Wellness Program,56,5.0,8.93
745,Moroccan Restaurant,56,32.0,57.14
746,Counselor,55,3.0,5.45
747,Audiologist,55,3.0,5.45
748,Modern Indian Restaurant,55,39.0,70.91
749,Creole Restaurant,55,32.0,58.18
750,Southern Italian Restaurant,55,45.0,81.82
751,Bag Shop,55,,
752,Soup Restaurant,55,31.0,56.36
753,Chinese Noodle Restaurant,54,37.0,68.52
754,Farm,54,,
755,Building Materials Supplier,54,4.0,7.41
756,Auto Bodywork Mechanic,54,7.0,12.96
757,Gmc Dealer,54,51.0,94.44
758,Otolaryngologist,54,7.0,12.96
759,Airsoft Supply Store,54,29.0,53.7
760,Painting Studio,54,15.0,27.78
761,East African Restaurant,54,33.0,61.11
762,Vascular Surgeon,53,5.0,9.43
763,Import Export Company,53,,
764,Flower Designer,52,7.0,13.46
765,Prosthodontist,52,9.0,17.31
766,Salvage Yard,52,33.0,63.46
767,Wine Shop,52,25.0,48.08
768,Allergist,52,21.0,40.38
769,Jazz Club,52,22.0,42.31
770,Moving Supply Store,52,13.0,25.0
771,Subaru Dealer,51,48.0,94.12
772,Food Court,51,30.0,58.82
773,Pasta Shop,51,26.0,50.98
774,Free Clinic,51,11.0,21.57
775,Jeep Dealer,50,45.0,90.0
776,Auto Broker,50,13.0,26.0
777,Athletic Club,50,23.0,46.0
778,Veterans Hospital,50,,
779,E-commerce Service,50,6.0,12.0
780,Spa,50,12.0,24.0
781,Tuning Automobile,49,5.0,10.2
782,Snowboard Shop,49,11.0,22.45
783,Modern European Restaurant,49,26.0,53.06
784,Southeast Asian Restaurant,49,35.0,71.43
785,Millwork Shop,49,22.0,44.9
786,Nuevo Latino Restaurant,49,36.0,73.47
787,Psychiatric Hospital,47,,
788,Bmw Dealer,47,41.0,87.23
789,Health Food Shop,47,17.0,36.17
790,Rv Supply Store,47,22.0,46.81
791,Art Cafe,47,9.0,19.15
792,Furniture Rental Service,47,19.0,40.43
793,Noodle Shop,47,35.0,74.47
794,Auto Spring Shop,46,23.0,50.0
795,Hydroponics Equipment Supplier,46,33.0,71.74
796,Architectural Salvage Store,46,15.0,32.61
797,Audio Visual Equipment Supplier,46,,
798,Training Centre,46,2.0,4.35
799,Screen Printing Supply Store,45,17.0,37.78
800,South American Restaurant,45,36.0,80.0
801,Audi Dealer,45,42.0,93.33
802,Heart Hospital,45,,
803,Golf Club,45,28.0,62.22
804,Addiction Treatment Center,45,3.0,6.67
805,Nut Store,45,14.0,31.11
806,Propeller Shop,44,14.0,31.82
807,Specialized Clinic,44,6.0,13.64
808,Mri Center,44,10.0,22.73
809,Central American Restaurant,44,36.0,81.82
810,Martial Arts Club,44,11.0,25.0
811,Water Softening Equipment Supplier,44,3.0,6.82
812,Dumpling Restaurant,44,31.0,70.45
813,Holistic Medicine Practitioner,44,6.0,13.64
814,Welder,44,,
815,Gluten-free Restaurant,44,30.0,68.18
816,University,44,,
817,Tourist Attraction,44,22.0,50.0
818,Party Equipment Rental Service,43,7.0,16.28
819,Newsstand,43,4.0,9.3
820,Catering Food And Drink Supplier,43,13.0,30.23
821,Acura Dealer,43,37.0,86.05
822,Veterinarian,43,29.0,67.44
823,Cadillac Dealer,43,36.0,83.72
824,Laotian Restaurant,43,34.0,79.07
825,Hot Dog Stand,43,19.0,44.19
826,Izakaya Restaurant,42,29.0,69.05
827,Mammography Service,42,21.0,50.0
828,Trailer Supply Store,42,25.0,59.52
829,Masonry Supply Store,42,20.0,47.62
830,Auto Wrecker,42,12.0,28.57
831,Museum,42,17.0,40.48
832,Birth Center,42,11.0,26.19
833,Amusement Machine Supplier,42,,
834,Flooring Contractor,41,,
835,Piano Bar,41,3.0,7.32
836,Continental Restaurant,41,26.0,63.41
837,Native American Goods Store,41,7.0,17.07
838,Takeaway,41,18.0,43.9
839,Sports Club,40,16.0,40.0
840,Eastern European Restaurant,40,24.0,60.0
841,Indonesian Restaurant,40,32.0,80.0
842,Scuba Instructor,40,,
843,Cambodian Restaurant,40,29.0,72.5
844,Laser Hair Removal Service,40,1.0,2.5
845,Loan Agency,40,6.0,15.0
846,Event Planner,40,4.0,10.0
847,Clothing Alteration Service,40,7.0,17.5
848,School,40,1.0,2.5
849,Auto Sunroof Shop,40,15.0,37.5
850,Food Products Supplier,40,17.0,42.5
851,Magazine Store,40,2.0,5.0
852,Local Medical Services,40,8.0,20.0
853,Beach Clothing Store,39,13.0,33.33
854,Dried Flower Shop,39,2.0,5.13
855,Belgian Restaurant,39,20.0,51.28
856,Radiator Shop,39,11.0,28.21
857,Mobile Home Supply Store,39,21.0,53.85
858,Mandarin Restaurant,39,20.0,51.28
859,Fish Store,39,15.0,38.46
860,Bicycle Shop,39,1.0,2.56
861,Construction Company,39,,
862,Recording Studio,38,,
863,Shanghainese Restaurant,38,26.0,68.42
864,Religious Book Store,38,15.0,39.47
865,Marina,38,18.0,47.37
866,Otolaryngology Clinic,38,7.0,18.42
867,Hair Transplantation Clinic,38,8.0,21.05
868,Infectious Disease Physician,38,4.0,10.53
869,Physiotherapist,38,1.0,2.63
870,Modern French Restaurant,38,22.0,57.89
871,Farm Equipment Supplier,38,30.0,78.95
872,Armenian Restaurant,38,25.0,65.79
873,Uzbeki Restaurant,38,35.0,92.11
874,Stores And Shopping,38,8.0,21.05
875,Health,37,6.0,16.22
876,Gay Night Club,37,6.0,16.22
877,Shabu-shabu Restaurant,37,27.0,72.97
878,Day Spa,37,11.0,29.73
879,Crab House,37,19.0,51.35
880,Israeli Restaurant,37,23.0,62.16
881,Fertility Clinic,36,15.0,41.67
882,Naturopathic Practitioner,36,5.0,13.89
883,Wheelchair Store,36,8.0,22.22
884,Infiniti Dealer,36,34.0,94.44
885,Map Store,36,3.0,8.33
886,Distillery,36,22.0,61.11
887,Beach Entertainment Shop,36,6.0,16.67
888,Shelving Store,36,6.0,16.67
889,Emergency Care Service,36,4.0,11.11
890,Aromatherapy Supply Store,35,4.0,11.43
891,Dinner Theater,35,12.0,34.29
892,Bangladeshi Restaurant,35,17.0,48.57
893,Gymnastics Club,35,24.0,68.57
894,Car Alarm Supplier,35,,
895,Country Club,35,25.0,71.43
896,Dry Cleaner,35,6.0,17.14
897,Fashion Designer,35,1.0,2.86
898,Tennis Club,35,21.0,60.0
899,Lexus Dealer,35,31.0,88.57
900,Tractor Dealer,35,17.0,48.57
901,Animal Feed Shop,35,17.0,48.57
902,Knife Store,35,7.0,20.0
903,Public Medical Center,34,,
904,Equestrian Store,34,8.0,23.53
905,Tool Repair Shop,34,20.0,58.82
906,Music School,34,20.0,58.82
907,Meat Products,34,13.0,38.24
908,Hunan Restaurant,34,17.0,50.0
909,Teeth Whitening Service,34,4.0,11.76
910,Used Motorcycle Dealer,34,14.0,41.18
911,Wedding Venue,34,15.0,44.12
912,Oil Store,34,3.0,8.82
913,Futon Store,33,,
914,Sushi Takeaway,33,2.0,6.06
915,Mercedes-benz Dealer,33,32.0,96.97
916,Womens Personal Trainer,33,4.0,12.12
917,Used Bicycle Shop,33,6.0,18.18
918,Window Installation Service,33,,
919,Carpet Installer,33,,
920,Tamale Shop,33,17.0,51.52
921,Jewelry Repair Service,32,4.0,12.5
922,Firearms Academy,32,4.0,12.5
923,Industrial Equipment Supplier,32,12.0,37.5
924,Arena,32,10.0,31.25
925,Small Engine Repair Service,32,9.0,28.12
926,University Hospital,32,,
927,Ham Shop,32,18.0,56.25
928,Patisserie,32,19.0,59.38
929,Cake Decorating Equipment Shop,31,10.0,32.26
930,Digital Printing Service,31,10.0,32.26
931,Anesthesiologist,31,2.0,6.45
932,Medical Examiner,31,,
933,Kite Shop,31,1.0,3.23
934,Electric Motor Store,31,8.0,25.81
935,Theme Park,31,14.0,45.16
936,Flea Market,31,19.0,61.29
937,Model Shop,30,4.0,13.33
938,Irish Goods Store,30,5.0,16.67
939,Paintball Store,30,16.0,53.33
940,Consultant,30,2.0,6.67
941,Wood Stove Shop,30,2.0,6.67
942,Discount Shop,30,29.0,96.67
943,Fried Chicken Takeaway,30,18.0,60.0
944,Amish Furniture Store,30,5.0,16.67
945,Child Health Care Centre,29,12.0,41.38
946,Motor Vehicle Dealer,29,7.0,24.14
947,Hunting And Fishing Store,29,4.0,13.79
948,Sweet Shop,29,11.0,37.93
949,Art Studio,29,3.0,10.34
950,Bicycle Rental Service,29,6.0,20.69
951,Furniture Maker,29,,
952,Auto Insurance Agency,29,,
953,Insurance Agency,29,,
954,Ambulance Service,29,,
955,Poster Store,29,,
956,Cd Store,29,,
957,Shopping Centre,28,23.0,82.14
958,Beer Shop,28,14.0,50.0
959,Burmese Restaurant,28,21.0,75.0
960,Engraver,28,9.0,32.14
961,Stained Glass Studio,28,7.0,25.0
962,Apartment Building,28,,
963,Meat Processor,28,,
964,Pond Supply Store,28,5.0,17.86
965,Sports Medicine Physician,27,6.0,22.22
966,Shipping And Mailing,27,5.0,18.52
967,Teppanyaki Restaurant,27,25.0,92.59
968,Family Service Center,27,17.0,62.96
969,Locksmith,27,,
970,Software Company,27,,
971,Physiatrist,27,3.0,11.11
972,Church,27,6.0,22.22
973,Business To Business Service,27,6.0,22.22
974,Travel Clinic,27,6.0,22.22
975,Business Management Consultant,27,2.0,7.41
976,Storage Facility,27,,
977,Falafel Restaurant,27,19.0,70.37
978,Coffee Wholesaler,26,5.0,19.23
979,Auto Auction,26,18.0,69.23
980,Party Shop,26,21.0,80.77
981,Hair Extensions Supplier,26,4.0,15.38
982,Public Swimming Pool,26,6.0,23.08
983,Dj Supply Store,26,,
984,Dialysis Center,26,13.0,50.0
985,Wholesale Jeweler,26,4.0,15.38
986,Rare Book Store,26,1.0,3.85
987,Hematologist,25,,
988,Swimming Pool Contractor,25,1.0,4.0
989,Hunting Store,25,3.0,12.0
990,Money Transfer Service,25,2.0,8.0
991,Medical Technology Manufacturer,25,,
992,Plumber,25,,
993,Indian Grocery Shop,25,17.0,68.0
994,Russian Grocery Store,25,21.0,84.0
995,Granite Supplier,25,5.0,20.0
996,Marriage Counselor,25,,
997,Social Services Organization,25,,
998,Georgian Restaurant,25,22.0,88.0
999,X-ray Equipment Supplier,24,3.0,12.5
1000,Nursing Home,24,,
1001,Radiator Repair Service,24,7.0,29.17
1002,Gourmet Grocery Shop,24,15.0,62.5
1003,Abortion Clinic,24,2.0,8.33
1004,Tractor Repair Shop,24,2.0,8.33
1005,Flower Delivery,24,4.0,16.67
1006,Check Cashing Service,24,9.0,37.5
1007,Electrician,24,,
1008,Used Musical Instrument Store,24,,
1009,Truck Parts Supplier,24,18.0,75.0
1010,Electronics Manufacturer,24,,
1011,Nightclub,24,2.0,8.33
1012,Fur Coat Shop,24,4.0,16.67
1013,Scooter Repair Shop,23,3.0,13.04
1014,Restaurant Or Cafe,23,2.0,8.7
1015,Gambling House,23,4.0,17.39
1016,Marketing Agency,23,,
1017,Swedish Restaurant,23,18.0,78.26
1018,Drum Store,23,,
1019,Contractor,23,,
1020,Sports School,23,12.0,52.17
1021,Artist,23,2.0,8.7
1022,Telecommunications Service Provider,23,,
1023,Security System Supplier,23,,
1024,Dairy Store,23,13.0,56.52
1025,Occupational Therapist,23,4.0,17.39
1026,Veterans Organization,22,,
1027,Office Equipment Supplier,22,1.0,4.55
1028,Family Planning Center,22,,
1029,Unfinished Furniture Store,22,1.0,4.55
1030,Yemenite Restaurant,22,10.0,45.45
1031,Small Plates Restaurant,22,14.0,63.64
1032,Bottled Water Supplier,22,6.0,27.27
1033,Dart Supply Store,22,6.0,27.27
1034,Medical Certificate Service,22,2.0,9.09
1035,Professional Services,22,1.0,4.55
1036,Hospital Department,22,5.0,22.73
1037,Karaoke,22,5.0,22.73
1038,Plastic Surgery Clinic,22,,
1039,Metal Fabricator,22,,
1040,Newspaper Publisher,22,2.0,9.09
1041,Invitation Printing Service,21,2.0,9.52
1042,Church Supply Store,21,4.0,19.05
1043,Roofing Contractor,21,,
1044,Fence Contractor,21,,
1045,Biscuit Shop,21,8.0,38.1
1046,Taekwondo School,21,4.0,19.05
1047,Ski Rental Service,21,11.0,52.38
1048,Golf Driving Range,21,13.0,61.9
1049,Massage Supply Store,21,3.0,14.29
1050,Smart Shop,21,1.0,4.76
1051,Laboratory,21,,
1052,Auction House,21,5.0,23.81
1053,Vegetarian Cafe And Deli,20,9.0,45.0
1054,Bed Shop,20,1.0,5.0
1055,Photographer,20,2.0,10.0
1056,Silk Plant Shop,20,2.0,10.0
1057,Dental Hygienist,20,11.0,55.0
1058,Corporate Campus,20,,
1059,Pathologist,20,,
1060,Hong Kong Style Fast Food Restaurant,20,10.0,50.0
1061,Traditional Restaurant,20,12.0,60.0
1062,Appliance Parts Supplier,20,,
1063,Beer Distributor,20,15.0,75.0
1064,Paintball Center,20,9.0,45.0
1065,Tea Room,20,7.0,35.0
1066,Kiosk,20,,
1067,Computer Consultant,20,2.0,10.0
1068,Internal Medicine Ward,20,8.0,40.0
1069,Video Game Rental Service,20,1.0,5.0
1070,Computer Accessories Store,20,2.0,10.0
1071,Mexican Grocers,20,17.0,85.0
1072,Waste Management Service,20,,
1073,Music Instructor,20,10.0,50.0
1074,Woodworker,20,,
1075,Children Policlinic,19,10.0,52.63
1076,Monogramming Service,19,1.0,5.26
1077,Rubber Stamp Store,19,3.0,15.79
1078,Rock Climbing,19,10.0,52.63
1079,Refrigerator Store,19,5.0,26.32
1080,Volvo Dealer,19,18.0,94.74
1081,Catering,19,4.0,21.05
1082,Water Ski Shop,19,5.0,26.32
1083,Public Health Department,19,,
1084,Art Center,19,7.0,36.84
1085,Egyptian Restaurant,19,8.0,42.11
1086,Mexican Torta Restaurant,19,12.0,63.16
1087,Cell Phone Accessory Store,19,5.0,26.32
1088,Vending Machine Supplier,19,,
1089,Swimming Instructor,19,8.0,42.11
1090,Gift Wrap Store,19,1.0,5.26
1091,Chophouse Restaurant,19,15.0,78.95
1092,Childrens Book Store,18,4.0,22.22
1093,Furniture Wholesaler,18,4.0,22.22
1094,Mobile Caterer,18,,
1095,Website Designer,18,,
1096,Costa Rican Restaurant,18,11.0,61.11
1097,Water Sports Equipment Rental Service,18,1.0,5.56
1098,Furniture Accessories,18,3.0,16.67
1099,Auto Parts Market,18,2.0,11.11
1100,Packaging Company,18,,
1101,Lasik Surgeon,18,8.0,44.44
1102,Coworking Space,18,,
1103,Self Service Restaurant,18,1.0,5.56
1104,Chrysler Dealer,18,17.0,94.44
1105,Shopping Complex,18,13.0,72.22
1106,Wok Restaurant,18,8.0,44.44
1107,Animal Hospital,18,16.0,88.89
1108,Tiki Bar,18,8.0,44.44
1109,Home Builder,18,,
1110,Pan-latin Restaurant,18,14.0,77.78
1111,Sri Lankan Restaurant,18,12.0,66.67
1112,Pharmaceutical Company,18,,
1113,Neurosurgeon,18,1.0,5.56
1114,Japanese Curry Restaurant,18,12.0,66.67
1115,Charity,18,,
1116,Acupuncturist,17,3.0,17.65
1117,Laundromat,17,5.0,29.41
1118,Pinball Machine Supplier,17,,
1119,Screen Store,17,1.0,5.88
1120,Container Supplier,17,,
1121,Australian Restaurant,17,11.0,64.71
1122,Social Club,17,6.0,35.29
1123,Airport,17,3.0,17.65
1124,Mobility Equipment Supplier,17,1.0,5.88
1125,Remodeler,17,,
1126,Archery Range,17,10.0,58.82
1127,Landscaper,17,,
1128,Mitsubishi Dealer,17,15.0,88.24
1129,Phone Repair Service,17,2.0,11.76
1130,Chocolate Factory,17,5.0,29.41
1131,Nursing Agency,17,2.0,11.76
1132,Beverage Distributor,17,5.0,29.41
1133,Beauty Product Supplier,17,2.0,11.76
1134,Oriental Goods Store,17,7.0,41.18
1135,Party Planner,17,8.0,47.06
1136,Door Supplier,17,,
1137,Buick Dealer,17,13.0,76.47
1138,Chinaware Store,16,,
1139,Wedding Service,16,1.0,6.25
1140,Executive Suite Rental Agency,16,,
1141,Forklift Dealer,16,5.0,31.25
1142,Chocolate Cafe,16,3.0,18.75
1143,Storage,16,,
1144,Preschool,16,,
1145,Food Manufacturer,16,1.0,6.25
1146,Variety Shop,16,12.0,75.0
1147,Gas Shop,16,4.0,25.0
1148,Public Golf Course,16,12.0,75.0
1149,Mailing Machine Supplier,16,1.0,6.25
1150,Private Hospital,16,1.0,6.25
1151,Curtain Store,16,4.0,25.0
1152,Tanning Salon,16,3.0,18.75
1153,Neapolitan Restaurant,16,13.0,81.25
1154,Photo Lab,16,,
1155,Book Shop,15,11.0,73.33
1156,Swimming School,15,7.0,46.67
1157,Wholesale Bakery,15,8.0,53.33
1158,Entertainment Agency,15,4.0,26.67
1159,Research Institute,15,,
1160,Jewish Restaurant,15,10.0,66.67
1161,Dry Wall Supply Store,15,4.0,26.67
1162,Dressmaker,15,2.0,13.33
1163,Saddlery,15,1.0,6.67
1164,Travel Agency,15,3.0,20.0
1165,Real Estate Agency,15,2.0,13.33
1166,Logistics,15,3.0,20.0
1167,Wrestling School,15,3.0,20.0
1168,Sewing Company,15,,
1169,Porsche Dealer,15,12.0,80.0
1170,Exporter,15,2.0,13.33
1171,Country Food Restaurant,15,6.0,40.0
1172,Antique Furniture Restoration Service,15,4.0,26.67
1173,Clock Repair Service,15,5.0,33.33
1174,University Department,15,,
1175,After School Program,15,,
1176,City Government Office,15,1.0,6.67
1177,Sheet Music Store,14,,
1178,Greenhouse,14,2.0,14.29
1179,Day Care Center,14,2.0,14.29
1180,Used Truck Dealer,14,6.0,42.86
1181,Vehicle Inspection,14,8.0,57.14
1182,Health Spa,14,4.0,28.57
1183,Land Rover Dealer,14,13.0,92.86
1184,Performing Arts Theater,14,,
1185,Watch Repair Service,14,5.0,35.71
1186,Advertising Agency,14,,
1187,Auto Accessories Wholesaler,14,6.0,42.86
1188,Pet Adoption Service,14,8.0,57.14
1189,Race Car Dealer,14,3.0,21.43
1190,Seasonal Goods Store,14,1.0,7.14
1191,Fresh Food Market,14,10.0,71.43
1192,Handyman,14,,
1193,Permanent Make-up Clinic,14,,
1194,Sewing Machine Repair Service,14,6.0,42.86
1195,Swimming Pool,14,6.0,42.86
1196,Sundae Restaurant,14,7.0,50.0
1197,Jaguar Dealer,14,8.0,57.14
1198,Association,14,,
1199,Garden Furniture Shop,14,,
1200,Hoagie Restaurant,14,9.0,64.29
1201,Bicycle Wholesale,14,1.0,7.14
1202,Lincoln Dealer,14,10.0,71.43
1203,Midwife,14,5.0,35.71
1204,Boat Accessories Supplier,14,2.0,14.29
1205,Importer,14,4.0,28.57
1206,Accountant,14,1.0,7.14
1207,Eritrean Restaurant,14,7.0,50.0
1208,Dance Hall,14,5.0,35.71
1209,Camera Repair Shop,14,6.0,42.86
1210,Marketing Consultant,14,,
1211,Property Management Company,14,,
1212,Notions Store,13,2.0,15.38
1213,Recycling Center,13,4.0,30.77
1214,Modern Izakaya Restaurants,13,8.0,61.54
1215,Water Park,13,6.0,46.15
1216,Equipment Supplier,13,2.0,15.38
1217,Teaching Hospital,13,,
1218,Electronic Parts Supplier,13,6.0,46.15
1219,Customs Broker,13,1.0,7.69
1220,Internet Marketing Service,13,,
1221,Sicilian Restaurant,13,11.0,84.62
1222,Television Repair Service,13,2.0,15.38
1223,Lottery Retailer,13,1.0,7.69
1224,Bbq Area,13,9.0,69.23
1225,Shisha Bar,13,3.0,23.08
1226,Auto Chemistry Shop,13,5.0,38.46
1227,Historical Landmark,13,5.0,38.46
1228,Air Conditioning Repair Service,13,1.0,7.69
1229,Furnace Store,13,,
1230,Wedding Planner,13,1.0,7.69
1231,New England Restaurant,13,8.0,61.54
1232,Publisher,13,1.0,7.69
1233,County Government Office,13,,
1234,Rice Restaurant,13,4.0,30.77
1235,Office Space Rental Agency,13,,
1236,Natural Foods Shop,13,5.0,38.46
1237,Amusement Centre,13,7.0,53.85
1238,Dental School,13,1.0,7.69
1239,Syrian Restaurant,13,11.0,84.62
1240,Honey Farm,13,,
1241,Golf Instructor,13,2.0,15.38
1242,Psychic,13,5.0,38.46
1243,Basque Restaurant,13,7.0,53.85
1244,Estate Liquidator,13,4.0,30.77
1245,Gymnasium School,13,,
1246,Parking Garage,12,,
1247,Yakiniku Restaurant,12,9.0,75.0
1248,Musician,12,,
1249,Airbrushing Service,12,1.0,8.33
1250,Tile Contractor,12,,
1251,Automotive,12,,
1252,Equipment Rental Agency,12,3.0,25.0
1253,English Restaurant,12,6.0,50.0
1254,Rubber Products Supplier,12,2.0,16.67
1255,Facial Spa,12,,
1256,Building,12,4.0,33.33
1257,Event Management Company,12,1.0,8.33
1258,Uruguayan Restaurant,12,9.0,75.0
1259,Dj Service,12,,
1260,Chicken Shop,12,7.0,58.33
1261,Reproductive Health Clinic,12,5.0,41.67
1262,Wholesale Florist,12,6.0,50.0
1263,Food,12,1.0,8.33
1264,Childrens Cafe,12,2.0,16.67
1265,Diabetes Equipment Supplier,12,3.0,25.0
1266,Custom Home Builder,12,,
1267,Music Box Store,12,1.0,8.33
1268,Japanese Confectionery Shop,12,,
1269,Sports Facility,12,3.0,25.0
1270,Hawaiian Goods Store,12,,
1271,Learning Center,12,3.0,25.0
1272,Yoga Instructor,12,,
1273,Dental,12,2.0,16.67
1274,Microbrewery,12,9.0,75.0
1275,Kebab Shop,12,8.0,66.67
1276,Spa And Health Club,12,6.0,50.0
1277,Asian Grocery Shop,12,8.0,66.67
1278,Cricket Shop,12,1.0,8.33
1279,Fishing Charter,12,1.0,8.33
1280,Auto Parts Manufacturer,12,,
1281,Pool Cleaning Service,12,1.0,8.33
1282,Legal Services,12,1.0,8.33
1283,Meat Wholesaler,11,7.0,63.64
1284,Ice Skating Rink,11,6.0,54.55
1285,Soup Shop,11,5.0,45.45
1286,Fabric Shop,11,9.0,81.82
1287,Portrait Studio,11,,
1288,Skateboard Park,11,5.0,45.45
1289,Batting Cage Center,11,1.0,9.09
1290,Basketball Court,11,6.0,54.55
1291,Lawn Care Service,11,,
1292,Wholesale Grocer,11,8.0,72.73
1293,Junk Store,11,,
1294,Wood And Laminate Flooring Supplier,11,,
1295,Electronics Vending Machine,11,,
1296,Home Improvement Shop,11,10.0,90.91
1297,Jeans Shop,11,1.0,9.09
1298,Ranch,11,,
1299,Ophthalmology Clinic,11,7.0,63.64
1300,Soft Drinks Shop,11,9.0,81.82
1301,Agricultural Service,11,2.0,18.18
1302,Swim Club,10,2.0,20.0
1303,Public School,10,,
1304,Gymnasium,10,1.0,10.0
1305,Computer Support And Services,10,3.0,30.0
1306,Hungarian Restaurant,10,5.0,50.0
1307,Winemaking Supply Store,10,,
1308,Fax Service,10,2.0,20.0
1309,Mirror Shop,10,1.0,10.0
1310,Entertainment And Recreation,10,2.0,20.0
1311,Pet Boarding Service,10,5.0,50.0
1312,Laboratory Equipment Supplier,10,2.0,20.0
1313,Hospice,10,2.0,20.0
1314,Pick Your Own Farm Produce,10,,
1315,Spice Shop,10,3.0,30.0
1316,Pediatric Cardiologist,10,1.0,10.0
1317,Drug Testing Service,10,,
1318,Eating Disorder Treatment Center,10,4.0,40.0
1319,Massage Spa,10,2.0,20.0
1320,Camp,10,,
1321,Organic Drug Store,10,,
1322,Biotechnology Company,10,,
1323,Volleyball Club,10,3.0,30.0
1324,Hotel,10,1.0,10.0
1325,Sofa Store,10,,
1326,Udon Noodle Restaurant,10,9.0,90.0
1327,Kitchen Supply Shop,10,,
1328,Trailer Manufacturer,10,,
1329,Computer Service,10,,
1330,Shipping Equipment Industry,10,1.0,10.0
1331,Wicker Store,10,,
1332,Employment Agency,10,1.0,10.0
1333,Art Handcraft,10,1.0,10.0
1334,Ukrainian Restaurant,10,7.0,70.0
1335,Belt Shop,10,2.0,20.0
1336,Health Insurance Agency,10,,
1337,Junkyard,10,6.0,60.0
1338,Plaza,10,2.0,20.0
1339,Animal Control Service,10,,
1340,Convenience Stores Organization,10,,
1341,Comedy Club,10,5.0,50.0
1342,Digital Printer,10,1.0,10.0
1343,Dance Company,9,1.0,11.11
1344,Yamaha Motorcycle Dealer,9,6.0,66.67
1345,Mini Dealer,9,7.0,77.78
1346,Tattoo Removal Service,9,2.0,22.22
1347,Auto Painting,9,4.0,44.44
1348,Association Or Organisation,9,,
1349,Produce Wholesaler,9,2.0,22.22
1350,Chilean Restaurant,9,7.0,77.78
1351,Costume Rental Service,9,4.0,44.44
1352,Recreational Vehicle Rental Agency,9,2.0,22.22
1353,South Asian Restaurant,9,7.0,77.78
1354,Strip Mall,9,9.0,100.0
1355,Pet Care Store,9,5.0,55.56
1356,Parkour Spot,9,9.0,100.0
1357,French Steakhouse Restaurant,9,6.0,66.67
1358,Toy And Game Manufacturer,9,,
1359,Auto Market,9,3.0,33.33
1360,Bar Tabac,9,2.0,22.22
1361,Basketball Club,9,2.0,22.22
1362,Hotel Supply Store,9,1.0,11.11
1363,Wood Floor Installation Service,9,,
1364,Decal Supplier,9,1.0,11.11
1365,Bulgarian Restaurant,9,4.0,44.44
1366,Chamber Of Commerce,9,,
1367,Telescope Store,9,1.0,11.11
1368,Blues Club,9,3.0,33.33
1369,Boot Repair Shop,9,2.0,22.22
1370,Czech Restaurant,9,7.0,77.78
1371,Sukiyaki And Shabu Shabu Restaurant,9,7.0,77.78
1372,Confectionery,9,3.0,33.33
1373,Dance Club,9,3.0,33.33
1374,Telecommunications Contractor,9,,
1375,Brasserie,9,4.0,44.44
1376,Fruit And Vegetable Shop,9,2.0,22.22
1377,Playground,9,4.0,44.44
1378,Underwear Store,9,,
1379,Shed Builder,9,,
1380,Nightlife,9,2.0,22.22
1381,Bmw Motorcycle Dealer,9,7.0,77.78
1382,Raw Food Restaurant,9,5.0,55.56
1383,Insulation Materials Store,9,,
1384,Fertility Physician,9,,
1385,Austrian Restaurant,8,6.0,75.0
1386,Dodge Dealer,8,8.0,100.0
1387,Homeopathic Pharmacy,8,1.0,12.5
1388,Art School,8,,
1389,Piano Moving Service,8,,
1390,Gun Club,8,7.0,87.5
1391,Child Psychologist,8,,
1392,Ski Resort,8,2.0,25.0
1393,Health Center,8,1.0,12.5
1394,Lawyer,8,,
1395,Industrial Gas Supplier,8,5.0,62.5
1396,Dress And Tuxedo Rental Service,8,2.0,25.0
1397,Liquidator,8,1.0,12.5
1398,Refrigerated Transport Service,8,2.0,25.0
1399,Education Center,8,,
1400,Oral Maxillofacial Surgeon,8,4.0,50.0
1401,Propane Supplier,8,1.0,12.5
1402,Indian Takeaway,8,2.0,25.0
1403,Discount Supermarket,8,4.0,50.0
1404,Direct Mail Advertising,8,,
1405,Concert Hall,8,1.0,12.5
1406,Alternator Supplier,8,6.0,75.0
1407,Glassware Store,8,,
1408,Yakitori Restaurant,8,5.0,62.5
1409,Martial Arts,8,1.0,12.5
1410,Entertainer,8,3.0,37.5
1411,Outerwear Store,8,,
1412,Tuscan Restaurant,8,6.0,75.0
1413,Modern British Restaurant,8,5.0,62.5
1414,Fitness Equipment Wholesaler,8,2.0,25.0
1415,Car Racing Track,8,2.0,25.0
1416,Apartment Complex,8,,
1417,Diesel Engine Dealer,8,3.0,37.5
1418,Arts Organization,8,,
1419,Youth Center,8,,
1420,Baseball Goods Store,8,3.0,37.5
1421,Registered General Nurse,8,,
1422,Boat Tour Agency,8,4.0,50.0
1423,Serbian Restaurant,8,4.0,50.0
1424,Paper Store,8,1.0,12.5
1425,Blood Testing Service,8,2.0,25.0
1426,Audio Visual Consultant,8,1.0,12.5
1427,Ram Dealer,8,7.0,87.5
1428,Ethnic Restaurant,8,3.0,37.5
1429,Diamond Dealer,8,2.0,25.0
1430,Hot Tub Repair Service,8,1.0,12.5
1431,Asian Household Goods Store,8,1.0,12.5
1432,Well Drilling Contractor,7,,
1433,Indoor Swimming Pool,7,2.0,28.57
1434,Condominium Complex,7,,
1435,Clinic,7,3.0,42.86
1436,Clothing Supplier,7,1.0,14.29
1437,Hydraulic Repair Service,7,,
1438,Beauty School,7,2.0,28.57
1439,Bank,7,3.0,42.86
1440,Funeral Home,7,,
1441,Fuel Supplier,7,4.0,57.14
1442,Religious Organization,7,,
1443,Medical Transcription Service,7,,
1444,Elementary School,7,,
1445,Adventure Sports,7,4.0,57.14
1446,Retreat Center,7,,
1447,Popcorn Shop,7,2.0,28.57
1448,Weightlifting Area,7,3.0,42.86
1449,Wheelchair Rental Service,7,1.0,14.29
1450,Mulch Supplier,7,,
1451,Kung Fu School,7,3.0,42.86
1452,Wholesale Plant Nursery,7,3.0,42.86
1453,Festival,7,1.0,14.29
1454,Aerobics Instructor,7,,
1455,Chocolate Artisan,7,1.0,14.29
1456,Leather Repair Service,7,4.0,57.14
1457,Chinese Medicine Store,7,1.0,14.29
1458,Boat Cover Supplier,7,3.0,42.86
1459,Mechanical Contractor,7,,
1460,Taxidermist,7,3.0,42.86
1461,Handicapped Transportation Service,7,,
1462,Events Venue,7,2.0,28.57
1463,Polynesian Restaurant,7,5.0,71.43
1464,Public Library,7,2.0,28.57
1465,Child Care Agency,7,,
1466,Clothing Wholesaler,7,2.0,28.57
1467,Floridian Restaurant,7,6.0,85.71
1468,Garbage Dump Service,7,,
1469,Air Conditioning Store,7,3.0,42.86
1470,Senior Citizen Center,7,4.0,57.14
1471,Outboard Motor Store,7,1.0,14.29
1472,Youth Clothing Store,7,,
1473,Stone Supplier,7,2.0,28.57
1474,Laundry Service,7,5.0,71.43
1475,Ballet School,7,1.0,14.29
1476,Paintings Store,7,,
1477,Soccer Club,7,,
1478,Heating Equipment Supplier,7,,
1479,Middle School,7,,
1480,Kawasaki Motorcycle Dealer,7,5.0,71.43
1481,Waterbed Store,7,,
1482,Hvac Contractor,7,,
1483,Kyoto Style Japanese Restaurant,7,3.0,42.86
1484,Psychosomatic Medical Practitioner,7,,
1485,Genesis Dealer,7,,
1486,Title Company,7,,
1487,Laser Cutting Service,7,,
1488,Business Development Service,7,2.0,28.57
1489,Used Cd Store,7,,
1490,Used Store Fixture Supplier,7,,
1491,Romanian Restaurant,7,5.0,71.43
1492,Garden,7,3.0,42.86
1493,Research Foundation,7,,
1494,Diamond Buyer,7,2.0,28.57
1495,Powder Coating Service,7,1.0,14.29
1496,Nurse Practitioner,7,,
1497,Yacht Broker,7,1.0,14.29
1498,Chinese Medicine Clinic,7,,
1499,Military Hospital,7,,
1500,Food Producer,7,,
1501,Jewelry Appraiser,7,1.0,14.29
1502,Painting,7,1.0,14.29
1503,Christmas Tree Farm,7,,
1504,Scandinavian Restaurant,6,3.0,50.0
1505,Event Ticket Seller,6,,
1506,Wool Store,6,,
1507,Piano Repair Service,6,,
1508,Store Equipment Supplier,6,4.0,66.67
1509,Athletic Field,6,2.0,33.33
1510,Video Production Service,6,,
1511,Meditation Center,6,2.0,33.33
1512,Gas Company,6,,
1513,Snowmobile Dealer,6,6.0,100.0
1514,Surf School,6,,
1515,Electrical Repair Shop,6,2.0,33.33
1516,Landscape Designer,6,,
1517,Video Game Rental Store,6,2.0,33.33
1518,Pet Trainer,6,2.0,33.33
1519,Rv Park,6,,
1520,Cleaning Service,6,1.0,16.67
1521,Architect,6,,
1522,Off-licence,6,5.0,83.33
1523,Aerospace Company,6,,
1524,Singaporean Restaurant,6,3.0,50.0
1525,Culinary School,6,,
1526,Metal Polishing Service,6,,
1527,Italian Food Shop,6,4.0,66.67
1528,Ice Supplier,6,,
1529,Dog Park,6,1.0,16.67
1530,Automobile Storage Facility,6,,
1531,Physical Examination Center,6,3.0,50.0
1532,Construction Equipment Supplier,6,,
1533,New Zealand Restaurant,6,4.0,66.67
1534,Herbalist,6,1.0,16.67
1535,Liquor Shop,6,4.0,66.67
1536,Statuary,6,1.0,16.67
1537,Beauty,6,1.0,16.67
1538,Entertainment,6,1.0,16.67
1539,Meal Delivery,6,3.0,50.0
1540,Food Bank,6,,
1541,College,6,,
1542,Ammunition Supplier,6,1.0,16.67
1543,Educational Institution,6,,
1544,Bar Pmu,6,1.0,16.67
1545,Garbage Collection Service,6,,
1546,Motor Scooter Repair Shop,6,2.0,33.33
1547,Prosthetics,6,1.0,16.67
1548,Custom Tailor,6,1.0,16.67
1549,Couture Store,6,,
1550,Paper Distributor,6,3.0,50.0
1551,Aquatic Centre,6,5.0,83.33
1552,Bar Restaurant Furniture Store,6,2.0,33.33
1553,African Goods Shop,6,6.0,100.0
1554,Sharpening Service,6,,
1555,Crane Dealer,6,,
1556,Painter,6,,
1557,Maternity Hospital,6,,
1558,Pallet Supplier,6,2.0,33.33
1559,Piano Instructor,6,,
1560,Steel Fabricator,6,,
1561,Golf Facility,6,6.0,100.0
1562,Native American Restaurant,6,1.0,16.67
1563,Musical Instrument Rental Service,6,2.0,33.33
1564,Flower Market,6,2.0,33.33
1565,Scooter Rental Service,6,4.0,66.67
1566,Art Museum,6,2.0,33.33
1567,Beauty Products Wholesaler,6,1.0,16.67
1568,Fur Service,5,,
1569,Haute Couture Fashion House,5,,
1570,Railroad Company,5,,
1571,Shop Supermarket Furniture Store,5,,
1572,Steamed Bun Shop,5,3.0,60.0
1573,Plating Service,5,,
1574,Financial Consultant,5,,
1575,Battery Wholesaler,5,2.0,40.0
1576,Historical Place,5,1.0,20.0
1577,Machining Manufacturer,5,,
1578,Christian Church,5,,
1579,Physician Referral Service,5,,
1580,Frozen Food Store,5,,
1581,Aerial Sports Center,5,1.0,20.0
1582,Carpet Cleaning Service,5,,
1583,Box Lunch Supplier,5,,
1584,Dog Trainer,5,2.0,40.0
1585,Dairy Farm,5,,
1586,Bowling Club,5,4.0,80.0
1587,Brewing Supply Shop,5,4.0,80.0
1588,Oaxacan Restaurant,5,3.0,60.0
1589,Parking Lot,5,,
1590,Surgical Products Wholesaler,5,,
1591,Community College,5,,
1592,Linoleum Store,5,,
1593,Ready Mix Concrete Supplier,5,,
1594,Government Office,5,,
1595,Coffee Machine Supplier,5,1.0,20.0
1596,Furniture Accessories Supplier,5,1.0,20.0
1597,Contemporary Louisiana Restaurant,5,3.0,60.0
1598,Pennsylvania Dutch Restaurant,5,5.0,100.0
1599,Bus Company,5,,
1600,Dog Breeder,5,,
1601,Wholesale Food Store,5,2.0,40.0
1602,Hydraulic Equipment Supplier,5,3.0,60.0
1603,Swimming Pool Repair Service,5,,
1604,United Methodist Church,5,,
1605,Food Shop,5,1.0,20.0
1606,Environmental Consultant,5,,
1607,Japanese Sweets Restaurant,5,4.0,80.0
1608,Tour Operator,5,,
1609,Stand Bar,5,,
1610,Business Park,5,,
1611,Trade School,5,,
1612,Excavating Contractor,5,,
1613,Western Restaurant,5,2.0,40.0
1614,Sheet Metal Contractor,5,,
1615,Boat Rental Service,5,1.0,20.0
1616,Feed Manufacturer,5,,
1617,Process Server,5,,
1618,Diaper Service,5,,
1619,Indoor Golf Course,5,3.0,60.0
1620,Wedding Photographer,5,,
1621,Vaporiser Shop,5,3.0,60.0
1622,Meat Dish Restaurant,5,4.0,80.0
1623,Sports Massage Therapist,5,,
1624,Girl Bar,5,,
1625,Baptist Church,5,1.0,20.0
1626,Hair Removal Service,5,,
1627,Diesel Fuel Supplier,5,1.0,20.0
1628,Tobacco Supplier,5,3.0,60.0
1629,Training School,5,,
1630,Pet Sitter,5,,
1631,Interior Plant Service,5,1.0,20.0
1632,Aquarium,5,3.0,60.0
1633,Driving School,5,,
1634,Chimney Sweep,5,1.0,20.0
1635,Softball Field,5,1.0,20.0
1636,Bingo Hall,5,3.0,60.0
1637,Childrens Club,5,,
1638,Tennis Instructor,5,2.0,40.0
1639,Poultry Store,5,1.0,20.0
1640,Glass Merchant,5,3.0,60.0
1641,Electronics Wholesaler,5,,
1642,Hairdresser,5,2.0,40.0
1643,Stadium,5,1.0,20.0
1644,Transportation,5,,
1645,Tool Manufacturer,5,,
1646,Car Rental Agency,5,1.0,20.0
1647,Pizza Takeaway,5,2.0,40.0
1648,Osteopath,5,,
1649,Coaching Center,5,,
1650,Trailer Rental Service,5,2.0,40.0
1651,Heating Contractor,5,,
1652,Emergency Veterinarian Service,5,,
1653,Retail Space Rental Agency,5,1.0,20.0
1654,Psychoneurological Specialized Clinic,5,,
1655,Tourist Information Center,5,2.0,40.0
1656,Vineyard,5,2.0,40.0
1657,Pool Billard Club,5,1.0,20.0
1658,T-shirt Company,5,,
1659,Botanical Garden,5,5.0,100.0
1660,Door Warehouse,5,,
1661,Concrete Contractor,5,,
1662,Vacuum Cleaning System Supplier,4,,
1663,House Cleaning Service,4,,
1664,Credit Union,4,2.0,50.0
1665,Alfa Romeo Dealer,4,,
1666,Hypnotherapy Service,4,,
1667,Hand Surgeon,4,1.0,25.0
1668,Marble Contractor,4,,
1669,Janitorial Service,4,,
1670,Sauna Store,4,,
1671,Janitorial Equipment Supplier,4,,
1672,Company,4,,
1673,Vehicle Repair Shop,4,3.0,75.0
1674,Transportation Infrastructure,4,,
1675,Figurine Shop,4,,
1676,Kilt Shop And Hire,4,,
1677,Book Publisher,4,,
1678,Raft Trip Outfitter,4,2.0,50.0
1679,Fish And Chips Takeaway,4,2.0,50.0
1680,Animals,4,1.0,25.0
1681,Aromatherapy Service,4,,
1682,Bus Stop,4,,
1683,Occupational Safety And Health,4,4.0,100.0
1684,Boat Storage Facility,4,,
1685,Hospital Equipment And Supplies,4,,
1686,Tai Chi School,4,,
1687,Tax Preparation Service,4,1.0,25.0
1688,Proctologist,4,,
1689,Cooking Class,4,1.0,25.0
1690,Wheelchair Repair Service,4,,
1691,Dump Truck Dealer,4,,
1692,Historical Society,4,1.0,25.0
1693,Holding Company,4,,
1694,Meat Packer,4,2.0,50.0
1695,Pottery Classes,4,1.0,25.0
1696,Indoor Lodging,4,,
1697,Canadian Restaurant,4,3.0,75.0
1698,Hay Supplier,4,,
1699,Mechanical Engineer,4,,
1700,Light Bulb Supplier,4,1.0,25.0
1701,Theater Supply Store,4,3.0,75.0
1702,Commercial Real Estate Agency,4,,
1703,Material Handling Equipment Supplier,4,,
1704,Retirement Community,4,1.0,25.0
1705,Security System Installer,4,,
1706,South East Asian Restaurant,4,1.0,25.0
1707,Sports Equipment Rental Service,4,2.0,50.0
1708,Trucking,4,,
1709,Corporate Gift Supplier,4,1.0,25.0
1710,Yacht Club,4,4.0,100.0
1711,Lamp Shade Supplier,4,,
1712,Mailbox Supplier,4,,
1713,Veterinary Care,4,1.0,25.0
1714,Waxing Hair Removal Service,4,2.0,50.0
1715,Playground Equipment Supplier,4,,
1716,Audio Visual Equipment Rental Service,4,1.0,25.0
1717,Baseball Club,4,2.0,50.0
1718,Pond Fish Supplier,4,,
1719,Lithuanian Restaurant,4,4.0,100.0
1720,Law Firm,4,1.0,25.0
1721,Scuba Tour Agency,4,,
1722,Medical Book Store,4,,
1723,Tool Rental Service,4,,
1724,Technical School,4,,
1725,Lawn Equipment Rental Service,4,2.0,50.0
1726,Boat Trailer Dealer,4,,
1727,Police Department,4,,
1728,Campground,4,,
1729,Neonatal Physician,4,,
1730,Acrylic Store,4,,
1731,Container Service,4,3.0,75.0
1732,High School,4,,
1733,Fiberglass Repair Service,4,,
1734,Baseball,4,1.0,25.0
1735,Copier Repair Service,4,,
1736,Utility Trailer Dealer,4,2.0,50.0
1737,Motorway Services,4,3.0,75.0
1738,Lodging,4,,
1739,Department Of Motor Vehicles,4,2.0,50.0
1740,Convention Center,4,1.0,25.0
1741,Real Estate Agents,4,,
1742,Photo Restoration Service,4,1.0,25.0
1743,Tofu Restaurant,4,4.0,100.0
1744,Okonomiyaki Restaurant,4,3.0,75.0
1745,Window Supplier,4,,
1746,Fishing Camp,4,4.0,100.0
1747,Assisted Living Facility,4,,
1748,Glass Industry,4,,
1749,Engineering Consultant,4,2.0,50.0
1750,Rv Storage Facility,4,,
1751,Syokudo And Teishoku Restaurant,4,2.0,50.0
1752,Fabric Wholesaler,4,,
1753,Home And Construction,4,,
1754,Blueprint Service,4,1.0,25.0
1755,Towing Equipment Provider,4,1.0,25.0
1756,Water Utility Company,4,,
1757,Swiss Restaurant,4,2.0,50.0
1758,Cinema,4,2.0,50.0
1759,Dance Restaurant,4,1.0,25.0
1760,Bikram Yoga Studio,4,3.0,75.0
1761,Fraternal Organization,4,,
1762,Private School,4,,
1763,Apartment Rental Agency,4,,
1764,Fire Station,4,,
1765,Cultural Center,4,2.0,50.0
1766,Custom Label Printer,4,2.0,50.0
1767,Haute French Restaurant,4,2.0,50.0
1768,Crane Rental Agency,4,,
1769,Tree Farm,4,1.0,25.0
1770,Bar Stool Supplier,4,,
1771,Foot Care,4,,
1772,Massage,4,,
1773,Garbage Dump,4,,
1774,Containers Supplier,4,,
1775,Guitar Instructor,4,1.0,25.0
1776,Performing Arts Group,3,,
1777,Homewares Shop,3,,
1778,Auto Tag Agency,3,,
1779,Department Of Transportation,3,,
1780,Computer Desk Store,3,,
1781,Leisure Centre,3,2.0,66.67
1782,Real Estate,3,,
1783,Sod Supplier,3,1.0,33.33
1784,Japanese Supermarket,3,3.0,100.0
1785,Danish Restaurant,3,1.0,33.33
1786,Shopping Plaza,3,3.0,100.0
1787,Firewood Supplier,3,,
1788,Hose Supplier,3,1.0,33.33
1789,Insurance Company,3,,
1790,Sports Accessories Wholesaler,3,1.0,33.33
1791,Yoga Retreat Center,3,,
1792,Silversmith,3,,
1793,Meditation Instructor,3,,
1794,Capoeira School,3,1.0,33.33
1795,Japanese Regional Restaurant,3,2.0,66.67
1796,Inn,3,,
1797,Cold Storage Facility,3,,
1798,Dry Fruit Store,3,,
1799,Printing Equipment And Supplies,3,2.0,66.67
1800,Self Service Car Wash,3,2.0,66.67
1801,Lighting Manufacturer,3,,
1802,Hub Cap Supplier,3,1.0,33.33
1803,Goldsmith,3,,
1804,Skyscraper,3,1.0,33.33
1805,Fastener Supplier,3,,
1806,Genealogist,3,,
1807,Hiking Area,3,1.0,33.33
1808,Water Works Equipment Supplier,3,,
1809,Liquor Wholesaler,3,1.0,33.33
1810,Adult Day Care Center,3,,
1811,Dog Day Care Center,3,1.0,33.33
1812,Concrete Product Supplier,3,,
1813,Organic Farm,3,,
1814,Pressure Washing Service,3,,
1815,Board Game Club,3,1.0,33.33
1816,Catholic Church,3,1.0,33.33
1817,Gift Basket Shop,3,,
1818,Novelties Wholesaler,3,3.0,100.0
1819,Wine Storage Facility,3,,
1820,Media Company,3,,
1821,Federal Government Office,3,,
1822,Aggregate Supplier,3,,
1823,Tonkatsu Restaurant,3,2.0,66.67
1824,Key Duplication Service,3,,
1825,Toiletries Store,3,,
1826,Pottery Manufacturer,3,,
1827,Dutch Restaurant,3,2.0,66.67
1828,Wine Cellar,3,1.0,33.33
1829,Bartending School,3,,
1830,Fabric Product Manufacturer,3,,
1831,Snowboard Rental Service,3,2.0,66.67
1832,Circus,3,2.0,66.67
1833,Non-profit,3,,
1834,Gps Supplier,3,1.0,33.33
1835,Chemical Manufacturer,3,,
1836,Vacation Home Rental Agency,3,,
1837,Shop,3,1.0,33.33
1838,Fingerprinting Service,3,1.0,33.33
1839,Indian Muslim Restaurant,3,3.0,100.0
1840,Animal Shelter,3,2.0,66.67
1841,Boat Builders,3,,
1842,Cash And Carry Wholesaler,3,2.0,66.67
1843,Estate Appraiser,3,,
1844,Judo School,3,,
1845,Medical Institution,3,,
1846,Van Rental Agency,3,,
1847,Masonry Contractor,3,,
1848,Air Compressor Supplier,3,,
1849,Pharmaceutical Products Wholesaler,3,1.0,33.33
1850,Screen Repair Service,3,1.0,33.33
1851,Aeromodel Shop,3,1.0,33.33
1852,Telecommunications Equipment Supplier,3,,
1853,Glass Blower,3,,
1854,Aquaculture Farm,3,,
1855,Arcade,3,3.0,100.0
1856,City Or Town Hall,3,,
1857,Portable Building Manufacturer,3,,
1858,Animal Rescue Service,3,3.0,100.0
1859,Gemologist,3,,
1860,Electrical Engineer,3,1.0,33.33
1861,Self-catering Accommodation,3,,
1862,Cape Verdean Restaurant,3,2.0,66.67
1863,Insulation Contractor,3,,
1864,Physician Assistant,3,,
1865,Lamborghini Dealer,3,2.0,66.67
1866,Awning Supplier,3,,
1867,Financial Institution,3,,
1868,Lodge,3,,
1869,Information Services,3,,
1870,Recreation,3,1.0,33.33
1871,Audio Visual Equipment Repair Service,3,3.0,100.0
1872,State Park,3,2.0,66.67
1873,Industrial Consultant,3,,
1874,Buddhist Supplies Store,3,,
1875,Theater,3,,
1876,Roman Restaurant,3,2.0,66.67
1877,Dog Cafe,3,1.0,33.33
1878,Educational Consultant,3,,
1879,Wood Supplier,3,,
1880,Barber School,3,1.0,33.33
1881,Family Planning Counselor,3,1.0,33.33
1882,Soccer Field,3,1.0,33.33
1883,Money Order Service,3,1.0,33.33
1884,Canteen,3,3.0,100.0
1885,Karate Club,3,,
1886,Non-denominational Church,3,2.0,66.67
1887,Business Administration Service,3,,
1888,Wedding Cake Shop,3,1.0,33.33
1889,Sandblasting Service,3,,
1890,Orchard,3,,
1891,Dinner Theatre,3,1.0,33.33
1892,Photography Service,3,1.0,33.33
1893,Military Recruiting Office,3,,
1894,Library,3,,
1895,Art Restoration Service,3,,
1896,Skate Sharpening Service,3,,
1897,Tofu Shop,3,1.0,33.33
1898,Turf Supplier,3,,
1899,Research And Product Development,3,,
1900,Vehicle Exporter,3,2.0,66.67
1901,Visitor Center,3,,
1902,Off-road Race Track,3,1.0,33.33
1903,Specialized Hospital,3,,
1904,Interior Decoration,3,,
1905,Ferrari Dealer,3,2.0,66.67
1906,Adventure Sports Center,3,,
1907,Saw Mill,3,,
1908,Flavours Fragrances And Aroma Supplier,3,1.0,33.33
1909,Wine Wholesaler And Importer,3,2.0,66.67
1910,Table Tennis Supply Store,3,1.0,33.33
1911,Chinese Tea House,3,1.0,33.33
1912,Foundation,3,,
1913,Carpenter,3,,
1914,Curtain Supplier And Maker,3,,
1915,Foam Rubber Supplier,3,,
1916,Alcoholism Treatment Program,3,,
1917,Seafood Donburi Restaurant,3,2.0,66.67
1918,Interior Construction Contractor,3,,
1919,Solar Energy Equipment Supplier,3,,
1920,Bicycle Club,3,,
1921,Fencing School,3,,
1922,Hypermarket,3,1.0,33.33
1923,History Museum,3,1.0,33.33
1924,Limousine Service,3,,
1925,Fire Department Equipment Supplier,3,,
1926,Speech Pathologist,3,,
1927,Appraiser,3,,
1928,Spiritist Center,3,2.0,66.67
1929,Wine Club,3,1.0,33.33
1930,Balloon Artist,3,,
1931,Metal Supplier,3,1.0,33.33
1932,Plastic Fabrication Company,3,,
1933,North Eastern Indian Restaurant,3,1.0,33.33
1934,Std Testing Service,3,,
1935,Car Leasing Service,3,,
1936,Call Shop,3,,
1937,Law Book Store,3,,
1938,Tour Agency,3,,
1939,Photography,3,,
1940,Electric Utility Company,3,,
1941,Saw Sharpening Service,3,,
1942,Spring Supplier,3,1.0,33.33
1943,Volunteer Organization,3,1.0,33.33
1944,Food And Drink,3,1.0,33.33
1945,Landscaping Supply Shop,2,1.0,50.0
1946,Industrial Supermarket,2,,
1947,Fountain Contractor,2,,
1948,Imax Theater,2,1.0,50.0
1949,Military Base,2,1.0,50.0
1950,Leather Coats Store,2,,
1951,Mutton Barbecue Restaurant,2,,
1952,Windsurfing Store,2,,
1953,Molding Supplier,2,2.0,100.0
1954,Government Hospital,2,,
1955,Petroleum Products Company,2,,
1956,Delicatessen,2,1.0,50.0
1957,Coast Guard Station,2,,
1958,Barbecue Shop,2,,
1959,Wildlife Park,2,2.0,100.0
1960,Agricultural Product Wholesaler,2,1.0,50.0
1961,Debris Removal Service,2,,
1962,Oil Refinery,2,,
1963,Establishment,2,1.0,50.0
1964,Custom Confiscated Goods Store,2,,
1965,Dairy Supplier,2,1.0,50.0
1966,Photography Studio,2,,
1967,Water Skiing Instructor,2,1.0,50.0
1968,Tribal Headquarters,2,1.0,50.0
1969,Jewelry Engraver,2,,
1970,Ceramic Manufacturer,2,,
1971,Food And Beverage Consultant,2,,
1972,Raclette Restaurant,2,1.0,50.0
1973,Homeopath,2,,
1974,Egg Supplier,2,1.0,50.0
1975,Tree Service,2,,
1976,Alternative Medicine Clinic,2,1.0,50.0
1977,Textile Mill,2,,
1978,Bus Station,2,,
1979,Hindu Temple,2,1.0,50.0
1980,Kitchen,2,1.0,50.0
1981,Paraguayan Restaurant,2,1.0,50.0
1982,Maserati Dealer,2,2.0,100.0
1983,Mobile Home Park,2,,
1984,Electric Vehicle Charging Station,2,,
1985,Seafood Wholesaler,2,,
1986,Sports Activity Location,2,,
1987,Designer Clothing Store,2,,
1988,University Library,2,2.0,100.0
1989,Local Government Office,2,,
1990,Racquetball Club,2,2.0,100.0
1991,Theater Production,2,,
1992,Tavern,2,1.0,50.0
1993,Futsal Court,2,,
1994,Croatian Restaurant,2,2.0,100.0
1995,Hiv Testing Center,2,,
1996,Video Karaoke,2,1.0,50.0
1997,Video Editing Service,2,,
1998,Cosmetic Products Manufacturer,2,,
1999,Garden Building Supplier,2,,
2000,Pediatric Ophthalmologist,2,,
2001,Window Cleaning Service,2,,
2002,Ferry Service,2,1.0,50.0
2003,Tea Shop,2,1.0,50.0
2004,Design Agency,2,1.0,50.0
2005,Corporate Entertainment Service,2,1.0,50.0
2006,Dry Wall Contractor,2,,
2007,Ice Hockey Club,2,,
2008,Cabaret Club,2,,
2009,Badminton Court,2,2.0,100.0
2010,Lighting Wholesaler,2,1.0,50.0
2011,Furniture Manufacturer,2,,
2012,Marble Supplier,2,2.0,100.0
2013,Camper Shell Supplier,2,1.0,50.0
2014,Katsudon Restaurant,2,,
2015,Bead Wholesaler,2,,
2016,Haberdashery,2,,
2017,E Commerce Agency,2,,
2018,Seed Supplier,2,1.0,50.0
2019,Fire Damage Restoration Service,2,,
2020,Pumpkin Patch,2,1.0,50.0
2021,Leasing Service,2,,
2022,Jewellery Manufacturer,2,,
2023,Leather Goods Supplier,2,,
2024,Mapping Service,2,1.0,50.0
2025,Clock Watch Maker,2,,
2026,Student Dormitory,2,,
2027,Pond Contractor,2,,
2028,Horseshoe Smith,2,1.0,50.0
2029,Fountain,2,1.0,50.0
2030,Emergency Training School,2,,
2031,Mehndi Designer,2,,
2032,Snooker And Pool Club,2,1.0,50.0
2033,Fair Trade Organization,2,,
2034,Chimney Services,2,,
2035,Printer Repair Service,2,,
2036,Laundry,2,1.0,50.0
2037,Investment Company,2,,
2038,Marketplace,2,2.0,100.0
2039,Blood Donation Center,2,2.0,100.0
2040,Clothing,2,,
2041,Used Game Store,2,,
2042,Steel Distributor,2,,
2043,Southern Comfort Food Restaurant,2,1.0,50.0
2044,Truss Manufacturer,2,,
2045,Catering Supplier,2,,
2046,Therapists,2,,
2047,Hall,2,,
2048,Health System,2,,
2049,Dye Store,2,,
2050,Horseback Riding Service,2,,
2051,Home Automation Company,2,,
2052,Biryani Restaurant,2,,
2053,Townhouse Complex,2,,
2054,Fertilizer Supplier,2,1.0,50.0
2055,Tutoring Service,2,1.0,50.0
2056,Amusement Ride Supplier,2,,
2057,Wholesale Market,2,2.0,100.0
2058,Bakery Equipment,2,,
2059,Stylist,2,,
2060,Chicken Hatchery,2,,
2061,Toll Road Rest Stop,2,2.0,100.0
2062,Natural Stone Supplier,2,1.0,50.0
2063,Gay Sauna,2,,
2064,Magician,2,,
2065,Deck Builder,2,,
2066,Oil Wholesaler,2,,
2067,Dating Service,2,,
2068,Clothing Wholesale Market Place,2,,
2069,Grain Elevator,2,2.0,100.0
2070,Soup Kitchen,2,1.0,50.0
2071,Security Guard Service,2,,
2072,Scientific Equipment Supplier,2,,
2073,Fireworks Supplier,2,1.0,50.0
2074,Veterans Center,2,1.0,50.0
2075,Piano Tuning Service,2,,
2076,Life Coach,2,,
2077,Radio Broadcaster,2,,
2078,Irrigation Equipment Supplier,2,2.0,100.0
2079,Salvage Dealer,2,,
2080,Wellness Centre,2,,
2081,Pet Shop,2,2.0,100.0
2082,Household Goods Wholesaler,2,,
2083,Mill,2,,
2084,Cheese Manufacturer,2,,
2085,Lapidary,2,,
2086,Heliport,2,,
2087,Home Furniture Shop,2,1.0,50.0
2088,Cruise Agency,2,1.0,50.0
2089,Wedding Souvenir Shop,2,,
2090,Design,2,1.0,50.0
2091,Horse Boarding Stable,2,2.0,100.0
2092,Adult Education School,2,,
2093,Vending Machine,2,,
2094,Financial Planner,2,1.0,50.0
2095,Youth Social Services Organization,2,,
2096,Pretzel Shop,2,,
2097,Tax Consultant,2,,
2098,Chesapeake Restaurant,2,2.0,100.0
2099,Dried Seafood Store,2,,
2100,Emergency Locksmith Service,2,,
2101,Handicraft,2,,
2102,Milk Delivery Service,2,,
2103,Food Service,2,1.0,50.0
2104,Commercial Cleaning Service,2,,
2105,Portable Toilet Supplier,2,,
2106,Air Conditioning Contractor,2,,
2107,Mercantile Development,2,1.0,50.0
2108,Beach Pavillion,2,,
2109,Tempura Restaurant,2,,
2110,State Government Office,2,,
2111,Horse Riding School,2,1.0,50.0
2112,Electronics,2,,
2113,Mechanical Plant,2,,
2114,Band,2,,
2115,Solar Energy Contractor,2,,
2116,Aged Care,2,1.0,50.0
2117,Norwegian Restaurant,2,,
2118,Horse Trailer Dealer,2,1.0,50.0
2119,Cosmetics Industry,2,,
2120,Data Recovery Service,2,1.0,50.0
2121,Lottery Shop,2,,
2122,Musical Instrument Manufacturer,2,,
2123,Resort,2,,
2124,Oil Field Equipment Supplier,2,1.0,50.0
2125,Ducati Dealer,2,1.0,50.0
2126,Video Equipment Repair Service,2,,
2127,Printer Ink Refill Store,2,,
2128,Laser Equipment Supplier,2,,
2129,Nature Preserve,2,2.0,100.0
2130,Cosmetics And Perfumes Supplier,2,,
2131,Hockey Rink,2,,
2132,Hair Care,2,1.0,50.0
2133,Coffee Vending Machine,2,1.0,50.0
2134,Water Testing Service,2,,
2135,Volleyball Court,2,,
2136,Stair Contractor,2,,
2137,Construction Material Wholesaler,2,2.0,100.0
2138,Social Worker,2,,
2139,Dock Builder,2,,
2140,Army Museum,2,2.0,100.0
2141,Public Bathroom,2,2.0,100.0
2142,Professional And Hobby Associations,2,,
2143,Fiat Dealer,2,1.0,50.0
2144,Sauna,2,,
2145,Korean Food Shop,2,2.0,100.0
2146,Demolition Contractor,2,,
2147,Water Treatment Supplier,2,,
2148,Std Clinic,2,,
2149,Sports,2,,
2150,Tea Manufacturer,2,,
2151,Moped Dealer,2,1.0,50.0
2152,Paper Mill,2,,
2153,Aluminum Welder,2,,
2154,Cashpoint,2,,
2155,Stage Lighting Equipment Supplier,2,1.0,50.0
2156,Tyre Manufacturer,2,,
2157,Fishing Pier,2,1.0,50.0
2158,Fairground,2,,
2159,Reiki Therapist,2,,
2160,Alternative Medicine,2,,
2161,Real Estate Developer,2,,
2162,Baseball Field,2,,
2163,Tennis Court,2,1.0,50.0
2164,Hardware Shop,2,,
2165,Septic System Service,2,,
2166,Baby Shop,2,,
2167,Garage Door Supplier,2,,
2168,Security Service,2,,
2169,Endoscopist,2,,
2170,Pumping Equipment And Service,2,1.0,50.0
2171,City Park,2,,
2172,Crime Victim Service,2,,
2173,Commercial Building,2,1.0,50.0
2174,Galician Restaurant,2,1.0,50.0
2175,Lighting Contractor,2,,
2176,Sports Arena,2,,
2177,Glass Etching Service,2,,
2178,Antenna Service,2,,
2179,Electronics Company,2,,
2180,Cottage,2,,
2181,Astrologer,2,1.0,50.0
2182,Artificial Plant Supplier,2,,
2183,Repairs,2,,
2184,Triumph Motorcycle Dealer,2,1.0,50.0
2185,Market Researcher,2,,
2186,Electrical Installation Service,2,,
2187,Pacific Rim Restaurant,2,1.0,50.0
2188,Homeless Service,2,2.0,100.0
2189,Culture,2,,
2190,Oxygen Cocktail Spot,2,1.0,50.0
2191,Mixed-use Development,2,2.0,100.0
2192,South Indian Restaurant,2,1.0,50.0
2193,Knife Manufacturing,2,,
2194,Turkmen Restaurant,2,,
2195,Feng Shui Shop,2,,
2196,Airport Shuttle Service,2,,
2197,Courthouse,2,2.0,100.0
2198,Property Maintenance,2,,
2199,Frozen Food Manufacturer,2,,
2200,Display Stand Manufacturer,2,,
2201,Karaoke Equipment Rental Service,2,,
2202,Olive Oil Bottling Company,2,2.0,100.0
2203,Elevator Service,2,,
2204,Reclamation Centre,2,,
2205,Squash Club,1,,
2206,Resume Service,1,,
2207,Wood Floor Refinishing Service,1,,
2208,Cremation Service,1,,
2209,Nonprofit,1,,
2210,Cruise Line Company,1,1.0,100.0
2211,Paving Contractor,1,,
2212,Judo Club,1,,
2213,Perinatal Center,1,,
2214,Picnic Ground,1,1.0,100.0
2215,Acupuncture School,1,,
2216,Gambling Area,1,,
2217,Manufactured Home Transporter,1,,
2218,Veterans Affairs Department,1,,
2219,Diving Club,1,,
2220,Sports Venue,1,,
2221,Dart Bar,1,,
2222,Body Of Water,1,,
2223,Harbor,1,,
2224,Forensic Consultant,1,,
2225,Evangelical Church,1,1.0,100.0
2226,Bike Sharing Station,1,,
2227,Ski School,1,1.0,100.0
2228,Home Help Service Agency,1,,
2229,Housing Association,1,,
2230,Travel Lounge,1,,
2231,Sports Ground,1,,
2232,Equestrian Facility,1,,
2233,Music Management And Promotion,1,,
2234,Place Of Worship,1,,
2235,Machine Repair Service,1,,
2236,Diabetologist,1,1.0,100.0
2237,Japanese Cheap Sweets Shop,1,1.0,100.0
2238,Design Engineer,1,,
2239,Aerial Photographer,1,,
2240,Thai Massage Therapist,1,,
2241,Bearing Supplier,1,,
2242,Aviation Consultant,1,1.0,100.0
2243,Welding,1,,
2244,Tropical Fish Shop,1,,
2245,Business Broker,1,,
2246,Mortgage Lender,1,,
2247,Railroad Equipment Supplier,1,,
2248,Music Venue,1,,
2249,Clothes Market,1,1.0,100.0
2250,Communications Central,1,,
2251,Vocational School,1,,
2252,Ski Repair Service,1,,
2253,Career Guidance Service,1,1.0,100.0
2254,Play School,1,,
2255,Bookbinder,1,,
2256,Clothing Shop,1,,
2257,Mansion,1,1.0,100.0
2258,Stereo Repair Service,1,1.0,100.0
2259,Sukiyaki Restaurant,1,,
2260,Lighting Consultant,1,,
2261,Australian Goods Store,1,,
2262,Fitness Company,1,,
2263,Bugatti Dealer,1,,
2264,Bentley Dealer,1,,
2265,Sand Plant,1,,
2266,Olive Oil Manufacturer,1,,
2267,Environmental Health Service,1,1.0,100.0
2268,Shopping Arcade,1,1.0,100.0
2269,Boiler Manufacturer,1,,
2270,Ministry Of Education,1,,
2271,Fishing,1,,
2272,City Hall,1,1.0,100.0
2273,Air Filter Supplier,1,1.0,100.0
2274,Horse Transport Supplier,1,,
2275,Cooking School,1,,
2276,Sailmaker,1,1.0,100.0
2277,Leather Goods Manufacturer,1,,
2278,Cultural Association,1,,
2279,Beach Volleyball Court,1,1.0,100.0
2280,Visa And Passport Office,1,,
2281,Mine,1,,
2282,Make-up Artist,1,,
2283,QuÃ©bÃ©cois Restaurant,1,1.0,100.0
2284,Summer Camp,1,1.0,100.0
2285,Subway Station,1,1.0,100.0
2286,Video Game Shop,1,,
2287,Video Conferencing Equipment Supplier,1,,
2288,Seafood Store,1,,
2289,Office Accessories Wholesaler,1,,
2290,Metaphysical Supply Shop,1,1.0,100.0
2291,Aircraft Manufacturer,1,,
2292,Corporation,1,,
2293,Video Game Rental Kiosk,1,,
2294,Faculty Of Sports,1,,
2295,Crop Grower,1,,
2296,Mining Company,1,,
2297,Cleaning Products Supplier,1,,
2298,Carvery,1,,
2299,Kennel,1,,
2300,Student Union,1,,
2301,Copying Supply Store,1,,
2302,City District Office,1,,
2303,Divorce Service,1,,
2304,Religious Institution,1,,
2305,Debt Collection Agency,1,,
2306,Recycling,1,,
2307,Auditorium,1,,
2308,Livestock Breeder,1,,
2309,Mobile Phone Shop,1,,
2310,Glazier,1,,
2311,Catalonian Restaurant,1,1.0,100.0
2312,Junk Dealer,1,,
2313,Dry Ice Supplier,1,,
2314,Event Planning Service,1,,
2315,Convent,1,1.0,100.0
2316,Machine Workshop,1,,
2317,Mortuary,1,,
2318,Macrobiotic Restaurant,1,1.0,100.0
2319,Gas Cylinders Supplier,1,1.0,100.0
2320,Korean Beef Restaurant,1,1.0,100.0
2321,Computer Hardware Manufacturer,1,,
2322,Cider Mill,1,1.0,100.0
2323,Chinese Medicine,1,1.0,100.0
2324,Retail Company,1,,
2325,Foot Massage Parlor,1,,
2326,Sightseeing Tour Agency,1,,
2327,Livestock Dealer,1,,
2328,Memorial Park,1,1.0,100.0
2329,Electrical Appliance Wholesaler,1,1.0,100.0
2330,Computer Wholesaler,1,,
2331,Yucatan Restaurant,1,,
2332,Power Station,1,,
2333,Laser Tag Centre,1,1.0,100.0
2334,Cinema Equipment Supplier,1,,
2335,Movie Studio,1,,
2336,Hip Hop Dance Class,1,1.0,100.0
2337,Special Education School,1,,
2338,Hydroelectric Power Plant,1,,
2339,Railroad Contractor,1,,
2340,Carriage Ride Service,1,,
2341,Hunting Preserve,1,1.0,100.0
2342,Leather Wholesaler,1,,
2343,Country House,1,,
2344,Toy Manufacturer,1,,
2345,Disability Equipment Supplier,1,,
2346,Off Track Betting Shop,1,,
2347,Amphitheater,1,,
2348,Metro Station,1,,
2349,School Center,1,,
2350,Building Complex,1,1.0,100.0
2351,Smoking Area,1,,
2352,Tea Wholesaler,1,,
2353,Public Wheelchair-accessible Bathroom,1,,
2354,Private Golf Course,1,,
2355,Hair Extension Technician,1,,
2356,Furniture,1,,
2357,Glass Block Supplier,1,,
2358,Bail Bonds Service,1,,
2359,Food Seasoning Manufacturer,1,,
2360,Metal Stamping Service,1,,
2361,Childbirth Class,1,,
2362,Currency Exchange Service,1,1.0,100.0
2363,Car Finance And Loan Company,1,,
2364,Beach,1,,
2365,Baby Clothing Shop,1,,
2366,Video Conferencing Service,1,,
2367,Cable Company,1,,
2368,Baking Supply Shop,1,1.0,100.0
2369,Taekwondo Competition Area,1,,
2370,Church Of The Nazarene,1,,
2371,Gym With Swimming Pool,1,,
2372,Sweets And Dessert Buffet,1,,
2373,Fitness Centre,1,,
2374,Wedding Dress Rental Service,1,,
2375,Chess Club,1,,
2376,Roller Coaster,1,1.0,100.0
2377,Asturian Restaurant,1,1.0,100.0
2378,Biofeedback Therapist,1,,
2379,Paper Bag Supplier,1,,
2380,Water Mill,1,,
2381,Tibetan Restaurant,1,1.0,100.0
2382,Protective Clothing Supplier,1,1.0,100.0
2383,Air Compressor Repair Service,1,,
2384,Real Estate Rental Agency,1,,
2385,Launderette,1,1.0,100.0
2386,Masonic Center,1,,
2387,Prison,1,,
2388,Public High School,1,,
2389,Fishing Shop,1,,
2390,Private Investigator,1,,
2391,Dental Insurance Agency,1,,
2392,Water Pump Supplier,1,,
2393,Episcopal Church,1,,
2394,Ballroom Dance Instructor,1,1.0,100.0
2395,Hearing Aid Repair Service,1,,
2396,Department Of Social Services,1,,
2397,Mexican Goods Shop,1,,
2398,Photocopiers Supplier,1,,
2399,Satellite Communication Service,1,,
2400,Military Treatment Facility,1,,
2401,Labor Union,1,,
2402,Fruit And Vegetable Processing,1,1.0,100.0
2403,Lutheran Church,1,,
2404,Table Tennis Facility,1,1.0,100.0
2405,Suburban Train Line,1,,
2406,Haunted House,1,,
2407,Greengrocer,1,,
2408,Pediatric Clinic,1,1.0,100.0
2409,Textile Exporter,1,,
2410,Auditor,1,,
2411,Topsoil Supplier,1,,
2412,Outdoor Sports Shop,1,1.0,100.0
2413,Customs Department,1,,
2414,Spices Wholesalers,1,,
2415,Medical Marijuana Company,1,1.0,100.0
2416,Private University,1,,
2417,Beauty Products Vending Machine,1,,
2418,Package Locker,1,,
2419,Kimono Store,1,,
2420,Credit Counseling Service,1,,
2421,Shredding Service,1,,
2422,Wholesaler Household Appliances,1,,
2423,Plastic Bag Supplier,1,,
2424,Services,1,,
2425,Poultry Farm,1,,
2426,Multimedia And Electronic Book Publisher,1,,
2427,Ridge,1,,
2428,Home Inspector,1,,
2429,Sports Nutrition Shop,1,1.0,100.0
2430,Event Technology Service,1,,
2431,Kushiyaki Restaurant,1,1.0,100.0
2432,Home Insurance Agency,1,,
2433,Ranching,1,,
2434,Business Card Design And Printing Service,1,1.0,100.0
2435,Glassware Wholesaler,1,,
2436,Packaging Machinery,1,,
2437,Measuring Instruments Supplier,1,,
2438,Gypsum Product Supplier,1,1.0,100.0
2439,Lamination Service,1,,
2440,Blacksmith,1,,
2441,Seaplane Base,1,,
2442,Sheepskin Coat Store,1,,
2443,Registration Office,1,,
2444,Shoe Factory,1,,
2445,Porridge Restaurant,1,1.0,100.0
2446,Mixed-use,1,1.0,100.0
2447,Indian Sizzler Restaurant,1,1.0,100.0
2448,Skydiving Center,1,1.0,100.0
2449,Hunting Club,1,,
2450,Sculpture Museum,1,1.0,100.0
2451,Recreation Centre,1,,
2452,Unity Church,1,1.0,100.0
2453,Quarry,1,,
2454,Registry Office,1,,
2455,Iron Works,1,,
2456,Evaluation Service,1,1.0,100.0
2457,Acoustical Consultant,1,,
2458,Opera Company,1,,
2459,Monastery,1,1.0,100.0
2460,Oilfield,1,,
2461,Metal Finisher,1,,
2462,Airbrushing Supply Store,1,,
2463,Massage School,1,,
2464,Cricket Ground,1,,
2465,Saab Dealer,1,,
2466,Tb Clinic,1,1.0,100.0
2467,Tesla Showroom,1,1.0,100.0
2468,Public Relations Firm,1,,
2469,Food Processing Company,1,,
2470,Appliances,1,,
2471,Agricultural Organization,1,,
2472,Packaging Supply Shop,1,,
2473,Halfway House,1,,
2474,Chinese Supermarket,1,1.0,100.0
2475,Cattle Farm,1,,
2476,Bookkeeping Service,1,,
2477,Air Duct Cleaning Service,1,,
2478,Building Restoration Service,1,,
2479,Megachurch,1,,
2480,Aircraft Maintenance Company,1,,
2481,Amusement Park Ride,1,,
2482,Orchid Grower,1,,
2483,Cold Cut Store,1,1.0,100.0
2484,Timeshare Agency,1,,
2485,Marine Surveyor,1,,
2486,Silk Store,1,,
2487,Comic Cafe,1,1.0,100.0
2488,Technology Museum,1,,
2489,Envelope Supplier,1,,
2490,Tempura Donburi Restaurant,1,,
2491,Gas And Automotive,1,,
2492,Rail Station,1,,
2493,Translator,1,,
2494,Log Home Builder,1,,
2495,Rugby Store,1,,
2496,Business Networking Company,1,,
2497,North African Restaurant,1,,
2498,Cosmetics Shop,1,,
2499,Cosmetics,1,,
2500,Football Club,1,,
2501,Forklift Rental Service,1,1.0,100.0
2502,Electrical Equipment Supplier,1,1.0,100.0
2503,Emergency Services,1,,
2504,Landmark,1,,
2505,Stone Carving,1,,
2506,Office Supply,1,,
2507,Horse Breeder,1,,
2508,Tannery,1,,
2509,Metal Working Shop,1,1.0,100.0
2510,Boat Club,1,1.0,100.0
2511,Housing Development,1,,
2512,Livestock Producer,1,,
2513,Industrial Area,1,,
2514,Patio Enclosure Supplier,1,,
2515,Farmstay,1,,
2516,Beach Clothing Shop,1,,
2517,Chemical Plant,1,,
2518,Web Hosting Company,1,,
2519,Olive Oil Cooperative,1,,
2520,Barrel Supplier,1,,
2521,Attorney,1,,
2522,Computer Club,1,1.0,100.0
2523,Taxi Service,1,,
2524,Business Related,1,,
2525,Handicraft School,1,,
2526,Food And Beverage Exporter,1,1.0,100.0
2527,Personal Injury Attorney,1,1.0,100.0
2528,Threads And Yarns Wholesaler,1,,
2529,Kashmiri Restaurant,1,,
2530,Kosher Food Shop,1,1.0,100.0
2531,Jewelry Equipment Supplier,1,1.0,100.0
2532,Drainage Service,1,,
2533,Takoyaki Restaurant,1,,
2534,Sugar Shack,1,,
2535,Energy Equipment And Solutions,1,,
2536,Ceramics Wholesaler,1,,
2537,Clergyman,1,,
2538,Blind School,1,,
2539,Furnace Parts Supplier,1,,
2540,Pet Moving Service,1,1.0,100.0
2541,Used Store,1,1.0,100.0
2542,Water Damage Restoration Service,1,,
2543,Vegetable Wholesaler,1,,
2544,Volleyball Instructor,1,,
2545,Vocational College,1,,
2546,Leather Goods Shop,1,,
2547,Beekeeping,1,,
2548,Accounting Firm,1,,
2549,Zoo,1,1.0,100.0
2550,Chinese Bakery,1,1.0,100.0
2551,Western Clothing Shop,1,1.0,100.0
2552,Aikido School,1,,
2553,Bookmaker,1,,
2554,Finishing Materials Supplier,1,1.0,100.0
2555,Dive Club,1,,
2556,Plasterer,1,,
2557,Fiber Optic Products Supplier,1,,
2558,Air Conditioning System Supplier,1,1.0,100.0
2559,Astronomical Observatory,1,,
2560,Car Manufacturer,1,,
2561,Logging Contractor,1,,
2562,Swimming Facility,1,1.0,100.0
2563,Cleaners,1,,
2564,Game Shop,1,1.0,100.0
2565,Nursing Association,1,,
2566,Building Design Company,1,,
2567,Community Service,1,1.0,100.0
2568,Wedding Chapel,1,,
2569,Rock Music Club,1,,
2570,Health And Beauty,1,,
2571,Methodist Church,1,,
2572,Isuzu Dealer,1,1.0,100.0
2573,Cannabis Shop,1,,
2574,Suzuki Dealer,1,1.0,100.0
2575,Conference Center,1,,
2576,Rainwater Tank Supplier,1,,
2577,Recruiter,1,,
2578,Scouting,1,,
2579,Church Of Jesus Christ Of Latter-day Saints,1,,
2580,Office Equipment Rental Service,1,,
2581,County Court,1,,
2582,Video Game Publisher,1,,
2583,Telephone Company,1,,
2584,Drafting Service,1,,
2585,Scottish Restaurant,1,1.0,100.0
2586,Ballroom,1,,
2587,Arts And Crafts,1,,
2588,Human Resource Consulting,1,,
2589,Historical Place Museum,1,1.0,100.0
2590,Garage Builder,1,,
2591,Vocal Instructor,1,,
2592,Racetrack,1,1.0,100.0
2593,Shoe Shining Service,1,,
2594,Student Housing Center,1,,
2595,Locks Supplier,1,1.0,100.0
2596,"Fitness Center On Siesta Key, Florida",1,1.0,100.0
2597,Prefabricated House Companies,1,,
2598,Elder Law Attorney,1,1.0,100.0
2599,Japanized Western Restaurant,1,,
2600,Mining Equipment,1,1.0,100.0
2601,International Trade Consultant,1,,
2602,Orthodox Synagogue,1,1.0,100.0
2603,Marine Supply Shop,1,,
2604,Machine Maintenance,1,,
2605,Home Cinema Installation,1,,
2606,Nonprofit Organization,1,1.0,100.0
2607,Disc Golf Course,1,,
2608,Art Centre,1,,
2609,Frozen Dessert Supplier,1,,
2610,Self Service Health Station,1,,
2611,Public Toilet,1,,
2612,Bus And Coach Company,1,,
2613,Cookery School,1,,
2614,Water Cooler Supplier,1,,
2615,Shandong Restaurant,1,1.0,100.0
2616,Motorcycle Driving School,1,1.0,100.0
2617,Trade Centre,1,1.0,100.0
2618,Churreria,1,1.0,100.0
2619,Calvary Chapel Church,1,,
2620,Souvenir Shop,1,,
2621,Coppersmith,1,,
2622,Wholesale Drugstore,1,,
2623,Performing Arts Theatre,1,1.0,100.0
2624,Flamenco Dance Store,1,,
2625,Door Manufacturer,1,,
2626,Satay Restaurant,1,,
2627,Orchid Farm,1,,
2628,Bouncy Castle Hire,1,,
2629,Food Processing Equipment,1,1.0,100.0
2630,Appliances Customer Service,1,,
2631,Mortgage Broker,1,,
2632,Trolley Station,1,,
2633,Military Cemetery,1,,
2634,Salsa Bar,1,,
2635,Public Male Bathroom,1,1.0,100.0
2636,Family Law Attorney,1,1.0,100.0
2637,Neighborhood,1,,
2638,Landscape Lighting Designer,1,,
2639,Used,1,,
2640,Dj Supply Shop,1,,
2641,Housing Complex,1,,
2642,Civic Center,1,,
2643,Apartments,1,,
2644,Investment Service,1,1.0,100.0
2645,Computer Training School,1,,
2646,Exhibit,1,,
2647,Flooring,1,,
2648,Natural History Museum,1,,
2649,Concert Venue,1,,
2650,"Mechanic At Patrick Air Force Base, Florida",1,,
2651,Zoological Park,1,1.0,100.0
2652,Nursery,1,,
2653,House Sitter,1,,
2654,Soondae Restaurant,1,1.0,100.0
2655,Lamp Repair Service,1,,
2656,Condiments Supplier,1,1.0,100.0
2657,Soapland,1,,
2658,Office Supply Wholesaler,1,,
2659,Water Purification Company,1,,
2660,Sticker Manufacturer,1,,
2661,Meeting Room,1,,
2662,Wine-making Supply Shop,1,,
2663,Sailing School,1,,
2664,Art Dealer,1,,
2665,Interior Door,1,,
2666,Bmx Track,1,,
2667,Stone Cutter,1,,
2668,Water Filter Supplier,1,,
2669,Vintage Clothing Shop,1,,
2670,Engineer,1,,
2671,Gated Community,1,,
2672,Fishing Port,1,1.0,100.0
2673,Evening Dress Rental Service,1,,
2674,Plastic Wholesaler,1,,
2675,Sanitary Inspection,1,,
2676,Country Park,1,,
2677,Siding Contractor,1,,
2678,Observation Deck,1,1.0,100.0
2679,Mclaren Dealer,1,1.0,100.0
2680,Extended Stay Hotel,1,,
2681,Convalescent Care,1,,
2682,Glass Engraver,1,,
2683,Provence Restaurant,1,,
2684,Batak Restaurant,1,,
2685,Valencian Restaurant,1,,
2686,Observatory,1,1.0,100.0
2687,Plywood Supplier,1,,
2688,Public Works Department,1,,
2689,"Atelier De ReparaÈii Auto Din Phoenix, Arizona",1,,
2690,Reptile Shop,1,1.0,100.0
2691,Train Station,1,1.0,100.0
2692,Aircraft Rental Service,1,,
2693,National Forest,1,1.0,100.0
2694,Music Hall,1,,
2695,Shipyard,1,,
2696,Freestyle Wrestling,1,,
2697,Brazilian Pastelaria,1,,
2698,Youth Club,1,,
2699,"Dentist At Patrick Air Force Base, Florida",1,,
2700,Rugby,1,,
2701,Wildlife Rescue Service,1,,
2702,Insurance Broker,1,,
2703,Gynecologist,1,,
2704,Stationery Manufacturer,1,,
2705,Variety Store Company,1,1.0,100.0
2706,Organic Food Shop,1,,
2707,Office,1,,
2708,Retaining Wall Supplier,1,,
2709,Sardinian Restaurant,1,1.0,100.0
2710,Gas Logs Supplier,1,,
2711,Hunting Area,1,,
2712,Music Publisher,1,,
2713,Grow Shop,1,,
2714,Telecommunications,1,,
2715,Shopping Mart,1,1.0,100.0
2716,Vehicle Examination Office,1,,
2717,Coin Cashing Machine,1,,
2718,Movie Rental,1,,
2719,Refrigerator Repair Service,1,,
2720,Conference Centre,1,1.0,100.0
2721,Off Roading Area,1,,
2722,Pine Furniture Shop,1,,
2723,"Gym At Patrick Air Force Base, Florida",1,1.0,100.0
2724,Airport Gate,1,1.0,100.0
2725,Cruise Terminal,1,,
2726,General Practice Attorney,1,1.0,100.0
2727,Escape Room Centre,1,1.0,100.0
2728,Plastic Injection Molding Service,1,,
2729,License Plate Frames Supplier,1,,
2730,Machinery Parts Manufacturer,1,,
2731,Punjabi Restaurant,1,1.0,100.0
2732,Newspaper Advertising Department,1,,
2733,Farm Equipment Repair Service,1,1.0,100.0
2734,Music Producer,1,,
2735,Asphalt Contractor,1,,
2736,Contact Lenses Supplier,1,,
2737,Tea And Coffee Merchant,1,1.0,100.0
