category,terminal_category_name,terminal_category_count,insemble_category_name,insemble_category_count,diff
mexican torta restaurant,mexican torta restaurant,3.0,mexican restaurant,1289.0,1286
pizza place,,,pizza place,897.0,897
automotive shop,,,automotive shop,747.0,747
pharmacy,pharmacy,20.0,pharmacy,701.0,681
sandwich place,,,sandwich place,647.0,647
coffee shop,coffee shop,1.0,coffee shop,609.0,608
chinese noodle restaurant,chinese noodle restaurant,4.0,chinese restaurant,573.0,569
mobile phone shop,mobile phone repair shop,1.0,mobile phone shop,522.0,521
mobile phone repair shop,mobile phone repair shop,1.0,mobile phone shop,522.0,521
burger joint,,,burger joint,499.0,499
central american restaurant,central american restaurant,5.0,american restaurant,481.0,476
bakery,bakery,34.0,bakery,449.0,415
beach clothing store,beach clothing store,1.0,clothing store,402.0,401
youth clothing store,youth clothing store,1.0,clothing store,402.0,401
baby clothing store,baby clothing store,10.0,clothing store,402.0,392
pho restaurant,pho restaurant,4.0,restaurant,374.0,370
used clothing store,used clothing store,33.0,clothing store,402.0,369
asian grocery store,asian grocery store,31.0,grocery store,374.0,343
auto dealership,,,auto dealership,342.0,342
miscellaneous shop,,,miscellaneous shop,341.0,341
office,,,office,332.0,332
café,,,café,324.0,324
convenience store,convenience store,21.0,convenience store,345.0,324
taco place,,,taco place,297.0,297
south asian restaurant,south asian restaurant,2.0,asian restaurant,298.0,296
pan-asian restaurant,pan-asian restaurant,5.0,asian restaurant,298.0,293
food,,,food,286.0,286
building,,,building,284.0,284
asian restaurant,asian restaurant,53.0,asian restaurant,298.0,245
fried chicken joint,,,fried chicken joint,226.0,226
construction & landscaping,,,construction & landscaping,217.0,217
gas station,gas station,6.0,gas station,215.0,209
cosmetics shop,,,cosmetics shop,208.0,208
asian fusion restaurant,asian fusion restaurant,94.0,asian restaurant,298.0,204
donut shop,donut shop,10.0,donut shop,213.0,203
american restaurant,american restaurant,290.0,american restaurant,481.0,191
hardware store,hardware store,156.0,hardware store,329.0,173
breakfast spot,,,breakfast spot,165.0,165
korean restaurant,korean restaurant,114.0,korean restaurant,277.0,163
juice bar,,,juice bar,162.0,162
home service,,,home service,162.0,162
food truck,,,food truck,161.0,161
video store,video store,18.0,video store,178.0,160
shipping store,,,shipping store,152.0,152
smoke shop,,,smoke shop,150.0,150
flower shop,,,flower shop,142.0,142
latin american restaurant,latin american restaurant,33.0,latin american restaurant,174.0,141
salon / barbershop,,,salon / barbershop,138.0,138
ice cream shop,ice cream shop,64.0,ice cream shop,200.0,136
sushi restaurant,sushi restaurant,263.0,sushi restaurant,396.0,133
deli / bodega,,,deli / bodega,133.0,133
modern indian restaurant,modern indian restaurant,1.0,indian restaurant,134.0,133
boutique,boutique,30.0,boutique,162.0,132
bar,bar,22.0,bar,150.0,128
women's store,,,women's store,127.0,127
self-storage facility,self-storage facility,5.0,storage facility,132.0,127
storage facility,self-storage facility,5.0,storage facility,132.0,127
bbq joint,,,bbq joint,126.0,126
sporting goods shop,,,sporting goods shop,123.0,123
jewelry store,jewelry store,211.0,jewelry store,328.0,117
doctor's office,,,doctor's office,112.0,112
big box store,,,big box store,111.0,111
other repair shop,,,other repair shop,110.0,110
arts & crafts store,,,arts & crafts store,104.0,104
dessert shop,dessert shop,1.0,dessert shop,105.0,104
middle eastern restaurant,middle eastern restaurant,24.0,middle eastern restaurant,127.0,103
print shop,print shop,5.0,print shop,105.0,100
paper / office supplies store,,,paper / office supplies store,97.0,97
wings joint,,,wings joint,97.0,97
thrift / vintage store,,,thrift / vintage store,94.0,94
chinese restaurant,chinese restaurant,480.0,chinese restaurant,573.0,93
vegetarian / vegan restaurant,vegetarian restaurant,12.0,vegetarian / vegan restaurant,102.0,90
vegetarian restaurant,vegetarian restaurant,12.0,vegetarian / vegan restaurant,102.0,90
design studio,,,design studio,90.0,90
medical center,medical center,1.0,medical center,87.0,86
pet store,pet store,66.0,pet store,151.0,85
poke place,,,poke place,83.0,83
business service,,,business service,83.0,83
optical shop,,,optical shop,81.0,81
wine bar,wine bar,9.0,wine bar,89.0,80
car accessories store,car accessories store,3.0,accessories store,81.0,78
salad place,,,salad place,76.0,76
general entertainment,,,general entertainment,73.0,73
dentist's office,,,dentist's office,72.0,72
truck accessories store,truck accessories store,10.0,accessories store,81.0,71
bike shop,,,bike shop,71.0,71
gift shop,gift shop,69.0,gift shop,138.0,69
music box store,music box store,1.0,music store,69.0,68
japanese restaurant,japanese restaurant,292.0,japanese restaurant,360.0,68
men's store,,,men's store,68.0,68
noodle house,,,noodle house,64.0,64
hot dog joint,,,hot dog joint,64.0,64
factory,,,factory,64.0,64
warehouse store,warehouse store,6.0,warehouse store,70.0,64
tattoo parlor,,,tattoo parlor,63.0,63
live music venue,live music venue,1.0,music venue,64.0,63
snack place,,,snack place,63.0,63
music venue,live music venue,1.0,music venue,64.0,63
kids store,,,kids store,61.0,61
modern french restaurant,modern french restaurant,6.0,french restaurant,67.0,61
health & beauty service,,,health & beauty service,58.0,58
market,market,4.0,market,61.0,57
antique shop,,,antique shop,57.0,57
toy / game store,,,toy / game store,56.0,56
bagel shop,bagel shop,2.0,bagel shop,56.0,54
frozen yogurt shop,frozen yogurt shop,1.0,frozen yogurt shop,53.0,52
supermarket,supermarket,95.0,supermarket,145.0,50
hobby shop,,,hobby shop,47.0,47
church,,,church,47.0,47
spa,,,spa,47.0,47
financial or legal service,,,financial or legal service,45.0,45
supplement shop,,,supplement shop,44.0,44
diner,diner,110.0,diner,154.0,44
food & drink shop,,,food & drink shop,43.0,43
art gallery,art gallery,1.0,art gallery,43.0,42
event space,,,event space,41.0,41
food court,food court,3.0,food court,42.0,39
bookstore,bookstore,39.0,bookstore,77.0,38
south american restaurant,south american restaurant,1.0,south american restaurant,39.0,38
italian restaurant,italian restaurant,332.0,italian restaurant,369.0,37
steak house,steak house,43.0,steakhouse,78.0,35
steakhouse,steak house,43.0,steakhouse,78.0,35
butcher,,,butcher,35.0,35
southern / soul food restaurant,,,southern / soul food restaurant,34.0,34
hotel,,,hotel,34.0,34
bubble tea shop,,,bubble tea shop,31.0,31
marijuana dispensary,,,marijuana dispensary,31.0,31
cocktail bar,cocktail bar,7.0,cocktail bar,38.0,31
rental service,,,rental service,30.0,30
bank,,,bank,30.0,30
fast food restaurant,fast food restaurant,895.0,fast food restaurant,924.0,29
coworking space,,,coworking space,28.0,28
thai restaurant,thai restaurant,303.0,thai restaurant,331.0,28
burrito place,,,burrito place,28.0,28
recording studio,,,recording studio,27.0,27
laundry service,,,laundry service,26.0,26
pub,pub,6.0,pub,32.0,26
lounge,lounge,5.0,lounge,31.0,26
tea room,,,tea room,25.0,25
buffet,,,buffet,25.0,25
nail salon,,,nail salon,25.0,25
wine shop,wine shop,4.0,wine shop,29.0,25
arcade,,,arcade,25.0,25
shopping plaza,,,shopping plaza,24.0,24
shopping mall,shopping mall,36.0,shopping mall,60.0,24
pet service,,,pet service,24.0,24
cajun / creole restaurant,creole restaurant,8.0,cajun / creole restaurant,31.0,23
bridal shop,bridal shop,5.0,bridal shop,28.0,23
creole restaurant,creole restaurant,8.0,cajun / creole restaurant,31.0,23
board shop,,,board shop,23.0,23
gym / fitness center,,,gym / fitness center,23.0,23
fabric shop,,,fabric shop,21.0,21
brewery,brewery,6.0,brewery,27.0,21
food stand,,,food stand,21.0,21
donburi restaurant,,,donburi restaurant,21.0,21
yoga studio,,,yoga studio,21.0,21
post office,,,post office,20.0,20
music school,music school,3.0,music school,23.0,20
music store,music store,49.0,music store,69.0,20
tech startup,,,tech startup,19.0,19
gastropub,gastropub,46.0,gastropub,65.0,19
elementary school,,,elementary school,19.0,19
caribbean restaurant,caribbean restaurant,8.0,caribbean restaurant,27.0,19
mediterranean restaurant,mediterranean restaurant,205.0,mediterranean restaurant,223.0,18
auto garage,,,auto garage,18.0,18
bowling alley,bowling alley,1.0,bowling alley,19.0,18
record shop,,,record shop,18.0,18
photography lab,,,photography lab,18.0,18
motorcycle shop,motorcycle shop,1.0,motorcycle shop,19.0,18
hotel bar,,,hotel bar,17.0,17
shop & service,,,shop & service,17.0,17
eye doctor,,,eye doctor,17.0,17
lawyer,,,lawyer,17.0,17
auto workshop,,,auto workshop,17.0,17
sports bar,sports bar,17.0,sports bar,33.0,16
gym,,,gym,16.0,16
chiropractor,chiropractor,1.0,chiropractor,17.0,16
french restaurant,french restaurant,51.0,french restaurant,67.0,16
gourmet shop,,,gourmet shop,15.0,15
dive bar,,,dive bar,15.0,15
indian restaurant,indian restaurant,119.0,indian restaurant,134.0,15
farmers market,,,farmers market,15.0,15
tailor shop,,,tailor shop,14.0,14
professional & other places,,,professional & other places,14.0,14
comfort food restaurant,,,comfort food restaurant,14.0,14
veterinarian,,,veterinarian,13.0,13
hookah bar,hookah bar,3.0,hookah bar,16.0,13
nightlife spot,,,nightlife spot,13.0,13
moving target,,,moving target,13.0,13
comic shop,,,comic shop,13.0,13
vietnamese restaurant,vietnamese restaurant,111.0,vietnamese restaurant,124.0,13
speakeasy,,,speakeasy,13.0,13
school,,,school,13.0,13
garden center,garden center,8.0,garden center,21.0,13
frame store,,,frame store,13.0,13
business center,business center,4.0,business center,17.0,13
falafel restaurant,falafel restaurant,3.0,falafel restaurant,15.0,12
distribution center,,,distribution center,12.0,12
advertising agency,,,advertising agency,12.0,12
car wash,,,car wash,12.0,12
karaoke bar,karaoke bar,1.0,karaoke bar,13.0,12
warehouse,warehouse,1.0,warehouse,13.0,12
college bookstore,,,college bookstore,12.0,12
high school,,,high school,11.0,11
fish & chips shop,,,fish & chips shop,11.0,11
hospital,,,hospital,11.0,11
golf course,golf course,1.0,golf course,12.0,11
rental car location,,,rental car location,11.0,11
beer garden,beer garden,3.0,beer garden,14.0,11
cupcake shop,,,cupcake shop,11.0,11
parking,,,parking,11.0,11
performing arts venue,,,performing arts venue,11.0,11
it services,,,it services,11.0,11
dance studio,,,dance studio,11.0,11
real estate office,,,real estate office,11.0,11
acupuncturist,,,acupuncturist,10.0,10
food service,,,food service,10.0,10
pawn shop,pawn shop,1.0,pawn shop,11.0,10
watch shop,,,watch shop,10.0,10
smoothie shop,,,smoothie shop,10.0,10
movie theater,movie theater,2.0,movie theater,12.0,10
government building,,,government building,10.0,10
museum,museum,1.0,museum,10.0,9
creperie,,,creperie,9.0,9
garden,,,garden,9.0,9
concert hall,concert hall,1.0,concert hall,10.0,9
playground,,,playground,9.0,9
credit union,,,credit union,9.0,9
nightclub,night club,3.0,nightclub,12.0,9
night club,night club,3.0,nightclub,12.0,9
newsstand,,,newsstand,9.0,9
bus line,,,bus line,8.0,8
dumpling restaurant,dumpling restaurant,6.0,dumpling restaurant,14.0,8
martial arts dojo,,,martial arts dojo,8.0,8
college cafeteria,,,college cafeteria,8.0,8
vape store,,,vape store,8.0,8
other great outdoors,,,other great outdoors,8.0,8
student center,,,student center,8.0,8
costume shop,,,costume shop,8.0,8
university,university,1.0,university,9.0,8
park,,,park,8.0,8
general college & university,,,general college & university,8.0,8
insurance office,,,insurance office,8.0,8
locksmith,,,locksmith,8.0,8
ramen restaurant,ramen restaurant,73.0,ramen restaurant,81.0,8
spiritual center,,,spiritual center,8.0,8
perfume shop,,,perfume shop,8.0,8
event service,,,event service,7.0,7
szechuan restaurant,,,szechuan restaurant,7.0,7
medical school,,,medical school,7.0,7
cheese shop,cheese shop,2.0,cheese shop,9.0,7
historic site,,,historic site,7.0,7
dry cleaner,,,dry cleaner,7.0,7
transportation service,,,transportation service,7.0,7
beer bar,,,beer bar,7.0,7
sake bar,,,sake bar,6.0,6
dim sum restaurant,dim sum restaurant,9.0,dim sum restaurant,15.0,6
cafeteria,cafeteria,2.0,cafeteria,8.0,6
south african restaurant,south african restaurant,1.0,african restaurant,7.0,6
funeral home,,,funeral home,6.0,6
other nightlife,,,other nightlife,6.0,6
urgent care center,,,urgent care center,6.0,6
trade school,,,trade school,6.0,6
non-profit,,,non-profit,6.0,6
outdoor supply store,,,outdoor supply store,6.0,6
astrologer,,,astrologer,6.0,6
general travel,,,general travel,6.0,6
north african restaurant,north african restaurant,1.0,african restaurant,7.0,6
athletics & sports,,,athletics & sports,6.0,6
adult boutique,,,adult boutique,6.0,6
courthouse,,,courthouse,5.0,5
bike rental / bike share,,,bike rental / bike share,5.0,5
flea market,flea market,2.0,flea market,7.0,5
college classroom,,,college classroom,5.0,5
conference room,,,conference room,5.0,5
surf spot,,,surf spot,5.0,5
eastern european restaurant,european restaurant,2.0,eastern european restaurant,7.0,5
laundromat,,,laundromat,5.0,5
farm,,,farm,5.0,5
monument / landmark,,,monument / landmark,5.0,5
strip club,,,strip club,5.0,5
himalayan restaurant,,,himalayan restaurant,5.0,5
european restaurant,european restaurant,2.0,eastern european restaurant,7.0,5
soup place,,,soup place,5.0,5
east african restaurant,east african restaurant,2.0,african restaurant,7.0,5
kebab restaurant,,,kebab restaurant,5.0,5
west african restaurant,west african restaurant,3.0,african restaurant,7.0,4
mongolian barbecue restaurant,mongolian barbecue restaurant,5.0,mongolian restaurant,9.0,4
herbs & spices store,,,herbs & spices store,4.0,4
mongolian restaurant,mongolian barbecue restaurant,5.0,mongolian restaurant,9.0,4
nursery school,,,nursery school,4.0,4
dog run,,,dog run,4.0,4
african restaurant,african restaurant,3.0,african restaurant,7.0,4
film studio,,,film studio,4.0,4
gay bar,,,gay bar,4.0,4
udon noodle restaurant,udon noodle restaurant,2.0,udon restaurant,6.0,4
udon restaurant,udon noodle restaurant,2.0,udon restaurant,6.0,4
organic grocery,,,organic grocery,4.0,4
mental health office,,,mental health office,4.0,4
theme restaurant,,,theme restaurant,4.0,4
rock club,,,rock club,4.0,4
photography studio,,,photography studio,4.0,4
currency exchange,,,currency exchange,4.0,4
pop-up shop,,,pop-up shop,4.0,4
pool,,,pool,4.0,4
massage studio,,,massage studio,4.0,4
pie shop,,,pie shop,4.0,4
library,,,library,4.0,4
baseball field,,,baseball field,3.0,3
airport terminal,,,airport terminal,3.0,3
daycare,,,daycare,3.0,3
doner restaurant,,,doner restaurant,3.0,3
souvenir shop,,,souvenir shop,3.0,3
winery,winery,1.0,winery,4.0,3
entertainment service,,,entertainment service,3.0,3
skate park,,,skate park,3.0,3
temple,,,temple,3.0,3
beach,,,beach,3.0,3
shanghai restaurant,,,shanghai restaurant,3.0,3
chocolate shop,chocolate shop,3.0,chocolate shop,6.0,3
jazz club,jazz club,2.0,jazz club,5.0,3
casino,,,casino,3.0,3
airport service,,,airport service,3.0,3
atm,,,atm,3.0,3
greek restaurant,greek restaurant,31.0,greek restaurant,34.0,3
college administrative building,,,college administrative building,3.0,3
empanada restaurant,,,empanada restaurant,3.0,3
plaza,,,plaza,3.0,3
alternative healer,,,alternative healer,3.0,3
rest area,,,rest area,3.0,3
convention center,,,convention center,3.0,3
skating rink,,,skating rink,3.0,3
tennis court,,,tennis court,3.0,3
cuban restaurant,cuban restaurant,22.0,cuban restaurant,25.0,3
fish market,,,fish market,3.0,3
motel,,,motel,3.0,3
arts & entertainment,,,arts & entertainment,3.0,3
pilates studio,,,pilates studio,3.0,3
theme park ride / attraction,,,theme park ride / attraction,3.0,3
bridge,,,bridge,3.0,3
gaming cafe,,,gaming cafe,3.0,3
roof deck,,,roof deck,2.0,2
indonesian restaurant,indonesian restaurant,5.0,indonesian restaurant,7.0,2
college academic building,,,college academic building,2.0,2
tv station,,,tv station,2.0,2
piercing parlor,,,piercing parlor,2.0,2
gymnastics gym,,,gymnastics gym,2.0,2
gun range,,,gun range,2.0,2
history museum,,,history museum,2.0,2
bed & breakfast,,,bed & breakfast,2.0,2
tanning salon,,,tanning salon,2.0,2
pool hall,pool hall,1.0,pool hall,3.0,2
spanish restaurant,spanish restaurant,12.0,spanish restaurant,14.0,2
college residence hall,,,college residence hall,2.0,2
multiplex,,,multiplex,2.0,2
sculpture garden,,,sculpture garden,2.0,2
music festival,,,music festival,2.0,2
beach bar,,,beach bar,2.0,2
harbor / marina,,,harbor / marina,2.0,2
dongbei restaurant,,,dongbei restaurant,2.0,2
paella restaurant,,,paella restaurant,2.0,2
bay,,,bay,2.0,2
campground,,,campground,2.0,2
recycling facility,,,recycling facility,2.0,2
tapas restaurant,tapas restaurant,2.0,tapas restaurant,4.0,2
cultural center,,,cultural center,2.0,2
knitting store,,,knitting store,2.0,2
irish pub,irish pub,8.0,irish pub,10.0,2
australian restaurant,australian restaurant,2.0,australian restaurant,4.0,2
english restaurant,english restaurant,3.0,english restaurant,5.0,2
pier,,,pier,2.0,2
river,,,river,2.0,2
scenic lookout,,,scenic lookout,2.0,2
art museum,art museum,1.0,art museum,3.0,2
pedestrian plaza,,,pedestrian plaza,2.0,2
street food gathering,,,street food gathering,2.0,2
art studio,,,art studio,2.0,2
theater,theater,2.0,theater,4.0,2
pastry shop,,,pastry shop,1.0,1
yoshoku restaurant,,,yoshoku restaurant,1.0,1
boat rental,,,boat rental,1.0,1
police station,,,police station,1.0,1
hunting supply,,,hunting supply,1.0,1
hostel,,,hostel,1.0,1
college quad,,,college quad,1.0,1
internet cafe,,,internet cafe,1.0,1
piano bar,,,piano bar,1.0,1
corporate coffee shop,,,corporate coffee shop,1.0,1
boat or ferry,,,boat or ferry,1.0,1
waterfall,,,waterfall,1.0,1
fire station,,,fire station,1.0,1
cha chaan teng,,,cha chaan teng,1.0,1
paintball field,,,paintball field,1.0,1
private school,,,private school,1.0,1
candy store,candy store,35.0,candy store,36.0,1
racetrack,,,racetrack,1.0,1
cable car,,,cable car,1.0,1
other event,,,other event,1.0,1
baseball stadium,,,baseball stadium,1.0,1
trail,,,trail,1.0,1
law school,,,law school,1.0,1
portuguese restaurant,,,portuguese restaurant,1.0,1
weight loss center,,,weight loss center,1.0,1
college basketball court,,,college basketball court,1.0,1
corporate cafeteria,,,corporate cafeteria,1.0,1
german restaurant,german restaurant,8.0,german restaurant,9.0,1
distillery,,,distillery,1.0,1
recruiting agency,,,recruiting agency,1.0,1
social club,,,social club,1.0,1
dive spot,,,dive spot,1.0,1
emergency room,,,emergency room,1.0,1
comedy club,,,comedy club,1.0,1
mosque,,,mosque,1.0,1
shabu-shabu restaurant,shabu-shabu restaurant,6.0,shabu-shabu restaurant,7.0,1
aquarium,,,aquarium,1.0,1
middle school,,,middle school,1.0,1
churrascaria,,,churrascaria,1.0,1
fountain,,,fountain,1.0,1
soccer field,,,soccer field,1.0,1
floating market,,,floating market,1.0,1
cemetery,,,cemetery,1.0,1
notary,,,notary,1.0,1
iraqi restaurant,,,iraqi restaurant,1.0,1
club house,,,club house,1.0,1
kingdom hall,,,kingdom hall,1.0,1
motorsports shop,,,motorsports shop,1.0,1
country dance club,,,country dance club,1.0,1
college library,,,college library,1.0,1
meeting room,,,meeting room,1.0,1
jewish restaurant,jewish restaurant,1.0,jewish restaurant,2.0,1
adult education center,,,adult education center,1.0,1
college auditorium,,,college auditorium,1.0,1
maternity clinic,,,maternity clinic,1.0,1
indoor play area,,,indoor play area,1.0,1
lottery retailer,,,lottery retailer,1.0,1
opera house,,,opera house,1.0,1
sports club,,,sports club,1.0,1
venezuelan restaurant,venezuelan restaurant,1.0,venezuelan restaurant,2.0,1
college rec center,,,college rec center,1.0,1
platform,,,platform,1.0,1
resort,,,resort,1.0,1
shawarma place,,,shawarma place,1.0,1
waste facility,,,waste facility,1.0,1
recreation center,recreation center,1.0,recreation center,2.0,1
dive shop,dive shop,1.0,dive shop,2.0,1
seafood restaurant,seafood restaurant,269.0,seafood restaurant,270.0,1
fishing spot,,,fishing spot,1.0,1
malay restaurant,,,malay restaurant,1.0,1
community center,community center,2.0,community center,3.0,1
language school,,,language school,1.0,1
radio station,,,radio station,1.0,1
rv park,,,rv park,1.0,1
outlet mall,,,outlet mall,1.0,1
train station,,,train station,1.0,1
boarding house,,,boarding house,1.0,1
light rail station,,,light rail station,1.0,1
japanese curry restaurant,japanese curry restaurant,4.0,japanese curry restaurant,5.0,1
theme park,,,theme park,1.0,1
child care service,,,child care service,1.0,1
cooking school,,,cooking school,1.0,1
brasserie,brasserie,1.0,brasserie,1.0,0
polish restaurant,polish restaurant,2.0,polish restaurant,2.0,0
moroccan restaurant,moroccan restaurant,3.0,moroccan restaurant,3.0,0
check cashing service,check cashing service,1.0,check cashing service,1.0,0
fireworks store,fireworks store,2.0,fireworks store,2.0,0
indie movie theater,movie theater,2.0,indie movie theater,2.0,0
afghan restaurant,afghani restaurant,3.0,afghan restaurant,3.0,0
animal shelter,animal shelter,1.0,animal shelter,1.0,0
hunan restaurant,hunan restaurant,1.0,hunan restaurant,1.0,0
preschool,preschool,1.0,preschool,1.0,0
bus station,bus station,2.0,bus station,2.0,0
afghani restaurant,afghani restaurant,3.0,afghan restaurant,3.0,0
food producer,food producer,1.0,,,-1
duty free store,duty free store,1.0,,,-1
turkmen restaurant,turkmen restaurant,1.0,,,-1
bmw motorcycle dealer,bmw motorcycle dealer,1.0,,,-1
diamond dealer,diamond dealer,1.0,,,-1
pancake restaurant,pancake restaurant,1.0,,,-1
equipment supplier,equipment supplier,1.0,,,-1
audio visual consultant,audio visual consultant,1.0,,,-1
screen store,screen store,1.0,,,-1
hookah store,hookah store,1.0,,,-1
dried seafood store,dried seafood store,1.0,,,-1
charity,charity,1.0,,,-1
pakistani restaurant,pakistani restaurant,6.0,pakistani restaurant,5.0,-1
country food restaurant,country food restaurant,1.0,,,-1
magazine store,magazine store,1.0,,,-1
underwear store,underwear store,1.0,,,-1
beauty product supplier,beauty product supplier,1.0,,,-1
macrobiotic restaurant,macrobiotic restaurant,1.0,,,-1
produce wholesaler,produce wholesaler,1.0,,,-1
fabric wholesaler,fabric wholesaler,1.0,,,-1
medical book store,medical book store,1.0,,,-1
japanese supermarket,japanese supermarket,1.0,,,-1
dental clinic,dental clinic,1.0,,,-1
trucking company,trucking company,1.0,,,-1
silk plant shop,silk plant shop,1.0,,,-1
airbrushing service,airbrushing service,1.0,,,-1
pizza takeaway,pizza takeaway,1.0,,,-1
seasonal goods store,seasonal goods store,1.0,,,-1
trailer supply store,trailer supply store,1.0,,,-1
bmw dealer,bmw dealer,1.0,,,-1
medical clinic,medical clinic,1.0,,,-1
club,club,1.0,,,-1
invitation printing service,invitation printing service,1.0,,,-1
bottled water supplier,bottled water supplier,1.0,,,-1
legal services,legal services,1.0,,,-1
argentinian restaurant,argentinian restaurant,15.0,argentinian restaurant,14.0,-1
curtain store,curtain store,1.0,,,-1
jewelry repair service,jewelry repair service,1.0,,,-1
sicilian restaurant,sicilian restaurant,1.0,,,-1
equipment rental agency,equipment rental agency,1.0,,,-1
chicken shop,chicken shop,1.0,,,-1
paintings store,paintings store,1.0,,,-1
polynesian restaurant,polynesian restaurant,1.0,,,-1
tempura restaurant,tempura restaurant,1.0,,,-1
bowling supply shop,bowling supply shop,1.0,,,-1
shandong restaurant,shandong restaurant,1.0,,,-1
oil refinery,oil refinery,1.0,,,-1
hungarian restaurant,hungarian restaurant,1.0,,,-1
buddhist supplies store,buddhist supplies store,1.0,,,-1
dart supply store,dart supply store,1.0,,,-1
books wholesaler,books wholesaler,1.0,,,-1
security guard service,security guard service,1.0,,,-1
sri lankan restaurant,sri lankan restaurant,4.0,sri lankan restaurant,3.0,-1
non-profit organization,non-profit organization,1.0,,,-1
masonry supply store,masonry supply store,1.0,,,-1
lighting wholesaler,lighting wholesaler,1.0,,,-1
syokudo and teishoku restaurant,syokudo and teishoku restaurant,1.0,,,-1
skyscraper,skyscraper,1.0,,,-1
tamale shop,tamale shop,1.0,,,-1
plumber,plumber,1.0,,,-1
general hospital,general hospital,1.0,,,-1
pasta shop,pasta shop,1.0,,,-1
bus stop,bus stop,5.0,bus stop,4.0,-1
japanese steakhouse,japanese steakhouse,1.0,,,-1
dentist,dentist,1.0,,,-1
musical instrument repair shop,musical instrument repair shop,1.0,,,-1
computer repair service,computer repair service,1.0,,,-1
soup shop,soup shop,1.0,,,-1
flamenco dance store,flamenco dance store,1.0,,,-1
wholesale jeweler,wholesale jeweler,1.0,,,-1
neighborhood,neighborhood,1.0,,,-1
wood and laminate flooring supplier,wood and laminate flooring supplier,1.0,,,-1
fish store,fish store,1.0,,,-1
tailor,tailor,1.0,,,-1
bbq area,bbq area,1.0,,,-1
hotel supply store,hotel supply store,1.0,,,-1
engineer,engineer,1.0,,,-1
nepalese restaurant,nepalese restaurant,1.0,,,-1
kashmiri restaurant,kashmiri restaurant,1.0,,,-1
bait shop,bait shop,1.0,,,-1
used cd store,used cd store,1.0,,,-1
catering food and drink supplier,catering food and drink supplier,1.0,,,-1
pet shop,pet shop,1.0,,,-1
store equipment supplier,store equipment supplier,1.0,,,-1
italian food shop,italian food shop,1.0,,,-1
hairdresser,hairdresser,1.0,,,-1
foam rubber supplier,foam rubber supplier,1.0,,,-1
sukiyaki restaurant,sukiyaki restaurant,1.0,,,-1
sewing machine store,sewing machine store,1.0,,,-1
mailing service,mailing service,1.0,,,-1
car alarm supplier,car alarm supplier,1.0,,,-1
adult entertainment club,adult entertainment club,1.0,,,-1
fruit and vegetable shop,fruit and vegetable shop,1.0,,,-1
gluten-free restaurant,gluten-free restaurant,5.0,gluten-free restaurant,4.0,-1
snowboard shop,snowboard shop,1.0,,,-1
baseball goods store,baseball goods store,1.0,,,-1
used musical instrument store,used musical instrument store,1.0,,,-1
paintball store,paintball store,1.0,,,-1
takoyaki restaurant,takoyaki restaurant,1.0,,,-1
appliance parts supplier,appliance parts supplier,1.0,,,-1
fish and chips takeaway,fish and chips takeaway,1.0,,,-1
shopping centre,shopping centre,1.0,,,-1
golf club,golf club,1.0,,,-1
traditional restaurant,traditional restaurant,1.0,,,-1
hair extensions supplier,hair extensions supplier,1.0,,,-1
cinema equipment supplier,cinema equipment supplier,1.0,,,-1
pet boarding service,pet boarding service,1.0,,,-1
adult dvd store,adult dvd store,1.0,,,-1
outdoor clothing and equipment shop,outdoor clothing and equipment shop,1.0,,,-1
live music bar,live music bar,1.0,,,-1
dry wall supply store,dry wall supply store,1.0,,,-1
notary public,notary public,1.0,,,-1
contemporary louisiana restaurant,contemporary louisiana restaurant,1.0,,,-1
sweet shop,sweet shop,1.0,,,-1
martial arts school,martial arts school,1.0,,,-1
homeopath,homeopath,1.0,,,-1
camera repair shop,camera repair shop,1.0,,,-1
crab house,crab house,1.0,,,-1
fruit and vegetable store,fruit and vegetable store,5.0,fruit & vegetable store,4.0,-1
entertainer,entertainer,1.0,,,-1
takeaway,takeaway,1.0,,,-1
wholesale bakery,wholesale bakery,1.0,,,-1
dance school,dance school,1.0,,,-1
parking lot,parking lot,1.0,,,-1
jewelry buyer,jewelry buyer,1.0,,,-1
salvage yard,salvage yard,1.0,,,-1
swedish restaurant,swedish restaurant,1.0,,,-1
furnace store,furnace store,1.0,,,-1
religious book store,religious book store,1.0,,,-1
kitchen remodeler,kitchen remodeler,1.0,,,-1
plant nursery,plant nursery,1.0,,,-1
childrens book store,childrens book store,1.0,,,-1
violin shop,violin shop,1.0,,,-1
variety shop,variety shop,1.0,,,-1
accessories store,fashion accessories store,82.0,accessories store,81.0,-1
appliances,appliances,1.0,,,-1
fruit & vegetable store,fruit and vegetable store,5.0,fruit & vegetable store,4.0,-1
discount shop,discount shop,1.0,,,-1
gourmet grocery shop,gourmet grocery shop,1.0,,,-1
chimney services,chimney services,1.0,,,-1
sports equipment rental service,sports equipment rental service,1.0,,,-1
country club,country club,1.0,,,-1
bag shop,bag shop,1.0,,,-1
historical landmark,historical landmark,1.0,,,-1
kitchen supply shop,kitchen supply shop,1.0,,,-1
shopping center,shopping center,1.0,,,-1
couture store,couture store,1.0,,,-1
computer accessories store,computer accessories store,1.0,,,-1
antique furniture restoration service,antique furniture restoration service,1.0,,,-1
handbags shop,handbags shop,1.0,,,-1
goldsmith,goldsmith,1.0,,,-1
mutton barbecue restaurant,mutton barbecue restaurant,1.0,,,-1
pet groomer,pet groomer,1.0,,,-1
rainwater tank supplier,rainwater tank supplier,1.0,,,-1
kosher food shop,kosher food shop,1.0,,,-1
talent agency,talent agency,1.0,,,-1
mexican goods shop,mexican goods shop,1.0,,,-1
fashion designer,fashion designer,1.0,,,-1
gold dealer,gold dealer,1.0,,,-1
bicycle shop,bicycle shop,1.0,,,-1
romanian restaurant,romanian restaurant,1.0,,,-1
cantonese restaurant,cantonese restaurant,7.0,cantonese restaurant,6.0,-1
electrical wholesaler,electrical wholesaler,1.0,,,-1
make-up artist,make-up artist,1.0,,,-1
brazilian restaurant,brazilian restaurant,24.0,brazilian restaurant,23.0,-1
burmese restaurant,burmese restaurant,3.0,burmese restaurant,2.0,-1
furniture rental service,furniture rental service,1.0,,,-1
medical office,medical office,1.0,,,-1
optician,optician,1.0,,,-1
childrens cafe,childrens cafe,1.0,,,-1
raw food restaurant,raw food restaurant,1.0,,,-1
go-kart track,go-kart track,1.0,,,-1
student housing center,student housing center,1.0,,,-1
publisher,publisher,1.0,,,-1
video karaoke,video karaoke,1.0,,,-1
tonkatsu restaurant,tonkatsu restaurant,1.0,,,-1
shop supermarket furniture store,shop supermarket furniture store,1.0,,,-1
window installation service,window installation service,1.0,,,-1
handicraft,handicraft,1.0,,,-1
burrito restaurant,burrito restaurant,1.0,,,-1
fashion accessories store,fashion accessories store,82.0,accessories store,81.0,-1
furniture accessories,furniture accessories,1.0,,,-1
chinese medicine store,chinese medicine store,1.0,,,-1
church supply store,church supply store,1.0,,,-1
russian restaurant,russian restaurant,9.0,russian restaurant,7.0,-2
sign shop,sign shop,2.0,,,-2
natural foods shop,natural foods shop,2.0,,,-2
syrian restaurant,syrian restaurant,2.0,,,-2
sukiyaki and shabu shabu restaurant,sukiyaki and shabu shabu restaurant,2.0,,,-2
italian grocery store,italian grocery store,2.0,,,-2
mandarin restaurant,mandarin restaurant,2.0,,,-2
surgical supply store,surgical supply store,2.0,,,-2
pound shop,pound shop,2.0,,,-2
shipping company,shipping company,2.0,,,-2
shelving store,shelving store,2.0,,,-2
association or organization,association or organization,2.0,,,-2
malaysian restaurant,malaysian restaurant,2.0,,,-2
cambodian restaurant,cambodian restaurant,2.0,,,-2
beauty salon,beauty salon,2.0,,,-2
kitchen furniture store,kitchen furniture store,2.0,,,-2
southern italian restaurant,southern italian restaurant,2.0,,,-2
bicycle repair shop,bicycle repair shop,2.0,,,-2
model train store,model train store,2.0,,,-2
audio visual equipment supplier,audio visual equipment supplier,2.0,,,-2
organic shop,organic shop,2.0,,,-2
tofu restaurant,tofu restaurant,2.0,,,-2
bangladeshi restaurant,bangladeshi restaurant,2.0,,,-2
professional services,professional services,2.0,,,-2
bathroom remodeler,bathroom remodeler,2.0,,,-2
puerto rican restaurant,puerto rican restaurant,2.0,,,-2
poster store,poster store,2.0,,,-2
skateboard shop,skateboard shop,2.0,,,-2
toyota dealer,toyota dealer,2.0,,,-2
university department,university department,2.0,,,-2
car repair and maintenance,car repair and maintenance,2.0,,,-2
oaxacan restaurant,oaxacan restaurant,2.0,,,-2
rv supply store,rv supply store,2.0,,,-2
chilean restaurant,chilean restaurant,2.0,,,-2
fence supply store,fence supply store,2.0,,,-2
bar restaurant furniture store,bar restaurant furniture store,2.0,,,-2
unfinished furniture store,unfinished furniture store,2.0,,,-2
appliance repair service,appliance repair service,2.0,,,-2
okonomiyaki restaurant,okonomiyaki restaurant,2.0,,,-2
tapas bar,tapas bar,2.0,,,-2
grocery delivery service,grocery delivery service,2.0,,,-2
needlework shop,needlework shop,2.0,,,-2
tile contractor,tile contractor,2.0,,,-2
mexican grocers,mexican grocers,2.0,,,-2
irish restaurant,irish restaurant,2.0,,,-2
sports memorabilia store,sports memorabilia store,2.0,,,-2
airport,airport,4.0,airport,2.0,-2
kebab shop,kebab shop,2.0,,,-2
dinner theater,dinner theater,2.0,,,-2
small plates restaurant,small plates restaurant,2.0,,,-2
yakitori restaurant,yakitori restaurant,2.0,,,-2
sofa store,sofa store,2.0,,,-2
trophy shop,trophy shop,2.0,,,-2
garden furniture shop,garden furniture shop,2.0,,,-2
apartment complex,apartment complex,2.0,,,-2
singaporean restaurant,singaporean restaurant,2.0,,,-2
sewing shop,sewing shop,2.0,,,-2
electric motor store,electric motor store,2.0,,,-2
festival,festival,2.0,,,-2
embroidery shop,embroidery shop,2.0,,,-2
sundae restaurant,sundae restaurant,2.0,,,-2
racing car parts store,racing car parts store,2.0,,,-2
modern izakaya restaurants,modern izakaya restaurants,2.0,,,-2
fabric product manufacturer,fabric product manufacturer,2.0,,,-2
cd store,cd store,2.0,,,-2
refrigerator store,refrigerator store,2.0,,,-2
wheelchair store,wheelchair store,2.0,,,-2
bistro,bistro,14.0,bistro,12.0,-2
rustic furniture store,rustic furniture store,2.0,,,-2
halal restaurant,halal restaurant,16.0,halal restaurant,14.0,-2
motorsports store,motorsports store,2.0,,,-2
auto repair shop,auto repair shop,2.0,,,-2
industrial equipment supplier,industrial equipment supplier,2.0,,,-2
chinese takeaway,chinese takeaway,2.0,,,-2
upholstery shop,upholstery shop,3.0,,,-3
herb shop,herb shop,3.0,,,-3
delivery chinese restaurant,delivery chinese restaurant,3.0,,,-3
tea store,tea store,3.0,,,-3
dessert restaurant,dessert restaurant,3.0,,,-3
popcorn store,popcorn store,3.0,,,-3
cutlery store,cutlery store,3.0,,,-3
fusion restaurant,fusion restaurant,3.0,,,-3
e-commerce service,e-commerce service,3.0,,,-3
skate shop,skate shop,4.0,skate shop,1.0,-3
hearing aid store,hearing aid store,3.0,,,-3
continental restaurant,continental restaurant,3.0,,,-3
belgian restaurant,belgian restaurant,3.0,,,-3
yakiniku restaurant,yakiniku restaurant,3.0,,,-3
tack shop,tack shop,3.0,,,-3
fried chicken takeaway,fried chicken takeaway,3.0,,,-3
hotpot restaurant,hot pot restaurant,11.0,hotpot restaurant,8.0,-3
baking supply store,baking supply store,3.0,,,-3
map store,map store,3.0,,,-3
cigar shop,cigar shop,3.0,,,-3
hot pot restaurant,hot pot restaurant,11.0,hotpot restaurant,8.0,-3
scrapbooking store,scrapbooking store,3.0,,,-3
drum store,drum store,3.0,,,-3
native american goods store,native american goods store,3.0,,,-3
aquarium shop,aquarium shop,3.0,,,-3
used auto parts store,used auto parts store,3.0,,,-3
stores and shopping,stores and shopping,3.0,,,-3
hot dog stand,hot dog stand,3.0,,,-3
british restaurant,british restaurant,3.0,,,-3
greeting card shop,greeting card shop,3.0,,,-3
cell phone accessory store,cell phone accessory store,3.0,,,-3
rice restaurant,rice restaurant,3.0,,,-3
ecuadorian restaurant,ecuadorian restaurant,3.0,,,-3
gun shop,gun shop,9.0,gun shop,6.0,-3
used office furniture store,used office furniture store,3.0,,,-3
coffee store,coffee store,3.0,,,-3
food products supplier,food products supplier,3.0,,,-3
airsoft supply store,airsoft supply store,3.0,,,-3
billiards supply store,billiards supply store,3.0,,,-3
crêperie,crêperie,3.0,,,-3
tex-mex restaurant,tex-mex restaurant,14.0,tex-mex restaurant,10.0,-4
ethiopian restaurant,ethiopian restaurant,15.0,ethiopian restaurant,11.0,-4
lawn mower store,lawn mower store,4.0,,,-4
oyster bar restaurant,oyster bar restaurant,4.0,,,-4
noodle shop,noodle shop,4.0,,,-4
gift wrap store,gift wrap store,4.0,,,-4
rare book store,rare book store,4.0,,,-4
magic store,magic store,4.0,,,-4
brewing supply store,brewing supply store,4.0,,,-4
event venue,event venue,4.0,,,-4
golf shop,golf shop,4.0,,,-4
massage supply store,massage supply store,4.0,,,-4
reptile store,reptile store,4.0,,,-4
formal wear store,formal wear store,4.0,,,-4
oriental rug store,oriental rug store,4.0,,,-4
manufacturer,manufacturer,4.0,,,-4
battery store,battery store,4.0,,,-4
interior designer,interior designer,4.0,,,-4
israeli restaurant,israeli restaurant,4.0,,,-4
screen printing supply store,screen printing supply store,4.0,,,-4
sichuan restaurant,sichuan restaurant,4.0,,,-4
dvd store,dvd store,4.0,,,-4
dairy store,dairy store,4.0,,,-4
dj supply store,dj supply store,4.0,,,-4
produce market,produce market,4.0,,,-4
chemist,chemist,4.0,,,-4
moving supply store,moving supply store,4.0,,,-4
pizza takeout,pizza takeout,4.0,,,-4
pretzel store,pretzel store,4.0,,,-4
modern european restaurant,modern european restaurant,7.0,modern european restaurant,3.0,-4
caterer,caterer,4.0,,,-4
shanghainese restaurant,shanghainese restaurant,4.0,,,-4
wholesaler,wholesaler,5.0,,,-5
doll store,doll store,5.0,,,-5
hot tub store,hot tub store,5.0,,,-5
barber supply store,barber supply store,5.0,,,-5
charity shop,charity shop,5.0,,,-5
woodworking supply store,woodworking supply store,5.0,,,-5
nut store,nut store,5.0,,,-5
florist,florist,5.0,,,-5
bird shop,bird shop,5.0,,,-5
bubble tea store,bubble tea store,5.0,,,-5
aromatherapy supply store,aromatherapy supply store,5.0,,,-5
futon store,futon store,5.0,,,-5
banner store,banner store,5.0,,,-5
down home cooking restaurant,down home cooking restaurant,5.0,,,-5
school supply store,school supply store,5.0,,,-5
surf shop,surf shop,5.0,,,-5
nicaraguan restaurant,nicaraguan restaurant,5.0,,,-5
childrens store,childrens store,5.0,,,-5
miniatures store,miniatures store,5.0,,,-5
picture frame shop,picture frame shop,6.0,,,-6
tennis store,tennis store,6.0,,,-6
grill store,grill store,6.0,,,-6
delivery restaurant,delivery restaurant,6.0,,,-6
butcher shop,butcher shop,6.0,,,-6
police supply store,police supply store,6.0,,,-6
izakaya restaurant,izakaya restaurant,6.0,,,-6
hong kong style fast food restaurant,hong kong style fast food restaurant,6.0,,,-6
food store,food store,6.0,,,-6
camping store,camping store,6.0,,,-6
seafood market,seafood market,6.0,,,-6
corporate office,corporate office,6.0,,,-6
banquet hall,banquet hall,6.0,,,-6
work clothes store,work clothes store,6.0,,,-6
conveyor belt sushi restaurant,conveyor belt sushi restaurant,7.0,,,-7
lunch restaurant,lunch restaurant,7.0,,,-7
southeast asian restaurant,southeast asian restaurant,7.0,,,-7
trading card store,trading card store,7.0,,,-7
grill,grill,7.0,,,-7
christmas store,christmas store,7.0,,,-7
sports card store,sports card store,7.0,,,-7
educational supply store,educational supply store,7.0,,,-7
car battery store,car battery store,7.0,,,-7
burglar alarm store,burglar alarm store,7.0,,,-7
health and beauty shop,health and beauty shop,7.0,,,-7
northern italian restaurant,northern italian restaurant,7.0,,,-7
wig shop,wig shop,7.0,,,-7
mall,mall,7.0,,,-7
authentic japanese restaurant,authentic japanese restaurant,7.0,,,-7
landscaping supply store,landscaping supply store,7.0,,,-7
welding supply store,welding supply store,7.0,,,-7
dental supply store,dental supply store,7.0,,,-7
mexican goods store,mexican goods store,7.0,,,-7
motorcycle parts store,motorcycle parts store,7.0,,,-7
photo shop,photo shop,7.0,,,-7
surplus store,surplus store,7.0,,,-7
running store,running store,7.0,,,-7
jewelry designer,jewelry designer,7.0,,,-7
bedroom furniture store,bedroom furniture store,8.0,,,-8
pen store,pen store,8.0,,,-8
flag store,flag store,8.0,,,-8
hat shop,hat shop,8.0,,,-8
bedding store,bedding store,8.0,,,-8
orthopedic shoe store,orthopedic shoe store,8.0,,,-8
movie rental store,movie rental store,8.0,,,-8
taiwanese restaurant,taiwanese restaurant,18.0,taiwanese restaurant,10.0,-8
sports nutrition store,sports nutrition store,8.0,,,-8
spice store,spice store,8.0,,,-8
countertop store,countertop store,9.0,,,-9
novelty store,novelty store,9.0,,,-9
used computer store,used computer store,9.0,,,-9
christian book store,christian book store,9.0,,,-9
guitar store,guitar store,9.0,,,-9
indian grocery store,indian grocery store,9.0,,,-9
roofing supply store,roofing supply store,9.0,,,-9
korean grocery store,korean grocery store,9.0,,,-9
piano store,piano store,9.0,,,-9
vacuum cleaner store,vacuum cleaner store,9.0,,,-9
lebanese restaurant,lebanese restaurant,13.0,lebanese restaurant,4.0,-9
linens store,linens store,9.0,,,-9
herbal medicine store,herbal medicine store,10.0,,,-10
cajun restaurant,cajun restaurant,10.0,,,-10
wheel store,wheel store,10.0,,,-10
juice shop,juice shop,10.0,,,-10
colombian restaurant,colombian restaurant,10.0,,,-10
dress store,dress store,10.0,,,-10
snack bar,snack bar,10.0,,,-10
kosher grocery store,kosher grocery store,10.0,,,-10
balloon store,balloon store,10.0,,,-10
maternity store,maternity store,10.0,,,-10
salad shop,salad shop,10.0,,,-10
brewpub,brewpub,10.0,,,-10
pottery store,pottery store,10.0,,,-10
second hand store,second hand store,10.0,,,-10
outdoor sports store,outdoor sports store,10.0,,,-10
wedding store,wedding store,11.0,,,-11
african goods store,african goods store,11.0,,,-11
tobacco shop,tobacco shop,11.0,,,-11
filipino restaurant,filipino restaurant,62.0,filipino restaurant,51.0,-11
honduran restaurant,honduran restaurant,11.0,,,-11
boot store,boot store,11.0,,,-11
japanese grocery store,japanese grocery store,11.0,,,-11
beer store,beer store,14.0,beer store,3.0,-11
souvenir store,souvenir store,11.0,,,-11
eclectic restaurant,eclectic restaurant,11.0,,,-11
tire shop,tire shop,12.0,,,-12
luggage store,luggage store,22.0,luggage store,10.0,-12
kitchen supply store,kitchen supply store,37.0,kitchen supply store,25.0,-12
bathroom supply store,bathroom supply store,13.0,,,-13
natural goods store,natural goods store,13.0,,,-13
wallpaper store,wallpaper store,13.0,,,-13
bead store,bead store,13.0,,,-13
martial arts supply store,martial arts supply store,13.0,,,-13
western apparel store,western apparel store,13.0,,,-13
consignment shop,consignment shop,13.0,,,-13
computer software store,computer software store,13.0,,,-13
gift basket store,gift basket store,14.0,,,-14
jeweler,jeweler,14.0,,,-14
cabinet store,cabinet store,15.0,,,-15
used bookstore,used book store,17.0,used bookstore,1.0,-16
plus size clothing store,plus size clothing store,16.0,,,-16
fine dining restaurant,fine dining restaurant,16.0,,,-16
camera store,camera store,29.0,camera store,13.0,-16
used book store,used book store,17.0,used bookstore,1.0,-16
marine supply store,marine supply store,16.0,,,-16
fishing store,fishing store,21.0,fishing store,4.0,-17
home theater store,home theater store,17.0,,,-17
cheesesteak restaurant,cheesesteak restaurant,17.0,,,-17
off licence,off licence,17.0,,,-17
used furniture store,used furniture store,17.0,,,-17
jamaican restaurant,jamaican restaurant,18.0,,,-18
dance store,dance store,18.0,,,-18
building materials store,building materials store,18.0,,,-18
kosher restaurant,kosher restaurant,37.0,kosher restaurant,19.0,-18
exercise equipment store,exercise equipment store,18.0,,,-18
candle store,candle store,19.0,,,-19
home audio store,home audio store,19.0,,,-19
tool store,tool store,19.0,,,-19
brunch restaurant,brunch restaurant,19.0,,,-19
animal feed store,animal feed store,19.0,,,-19
custom t-shirt store,custom t-shirt store,19.0,,,-19
organic restaurant,organic restaurant,19.0,,,-19
religious goods store,religious goods store,20.0,,,-20
metaphysical supply store,metaphysical supply store,20.0,,,-20
rug store,rug store,20.0,,,-20
office furniture store,office furniture store,20.0,,,-20
yarn store,yarn store,21.0,,,-21
lumber store,lumber store,21.0,,,-21
outdoor furniture store,outdoor furniture store,21.0,,,-21
collectibles store,collectibles store,22.0,,,-22
used appliance store,used appliance store,22.0,,,-22
fireplace store,fireplace store,22.0,,,-22
new american restaurant,new american restaurant,152.0,new american restaurant,130.0,-22
general store,general store,23.0,,,-23
outlet store,outlet store,25.0,outlet store,2.0,-23
swimming pool supply store,swimming pool supply store,24.0,,,-24
leather goods store,leather goods store,32.0,leather goods store,6.0,-26
hobby store,hobby store,26.0,,,-26
lingerie store,lingerie store,52.0,lingerie store,26.0,-26
pizza delivery,pizza delivery,26.0,,,-26
peruvian restaurant,peruvian restaurant,59.0,peruvian restaurant,32.0,-27
soccer store,soccer store,27.0,,,-27
soul food restaurant,soul food restaurant,27.0,,,-27
tropical fish store,tropical fish store,27.0,,,-27
armenian restaurant,armenian restaurant,28.0,,,-28
hot dog restaurant,hot dog restaurant,28.0,,,-28
traditional american restaurant,traditional american restaurant,28.0,,,-28
watch store,watch store,28.0,,,-28
stationery store,stationery store,33.0,stationery store,4.0,-29
adult entertainment store,adult entertainment store,30.0,,,-30
comic book store,comic book store,30.0,,,-30
packaging supply store,packaging supply store,30.0,,,-30
record store,record store,30.0,,,-30
aircraft supply store,aircraft supply store,30.0,,,-30
hawaiian restaurant,hawaiian restaurant,70.0,hawaiian restaurant,40.0,-30
guatemalan restaurant,guatemalan restaurant,30.0,,,-30
sunglasses store,sunglasses store,30.0,,,-30
gourmet grocery store,gourmet grocery store,31.0,,,-31
deli,deli,32.0,,,-32
persian restaurant,persian restaurant,47.0,persian restaurant,15.0,-32
antique furniture store,antique furniture store,32.0,,,-32
swimwear store,swimwear store,33.0,,,-33
art supply store,art supply store,33.0,,,-33
takeout restaurant,takeout restaurant,34.0,,,-34
buffet restaurant,buffet restaurant,34.0,,,-34
carpet store,carpet store,53.0,carpet store,19.0,-34
game store,game store,36.0,,,-36
t-shirt store,t-shirt store,37.0,,,-37
video game store,video game store,74.0,video game store,36.0,-38
car stereo store,car stereo store,38.0,,,-38
costume store,costume store,40.0,,,-40
mexican grocery store,mexican grocery store,41.0,,,-41
family restaurant,family restaurant,42.0,,,-42
perfume store,perfume store,42.0,,,-42
restaurant supply store,restaurant supply store,44.0,,,-44
plumbing supply store,plumbing supply store,45.0,,,-45
vaporizer store,vaporizer store,45.0,,,-45
craft store,craft store,52.0,,,-52
korean barbecue restaurant,korean barbecue restaurant,55.0,,,-55
baby store,baby store,61.0,baby store,6.0,-55
book store,book store,132.0,bookstore,77.0,-55
sportswear store,sportswear store,55.0,,,-55
health food store,health food store,73.0,health food store,16.0,-57
window treatment store,window treatment store,57.0,,,-57
breakfast restaurant,breakfast restaurant,65.0,,,-65
uniform store,uniform store,68.0,,,-68
californian restaurant,californian restaurant,68.0,,,-68
wine store,wine store,69.0,,,-69
vegan restaurant,vegan restaurant,69.0,,,-69
health food restaurant,health food restaurant,74.0,,,-74
tile store,tile store,76.0,,,-76
variety store,variety store,79.0,,,-79
chicken wings restaurant,chicken wings restaurant,80.0,,,-80
discount store,discount store,196.0,discount store,115.0,-81
office supply store,office supply store,81.0,,,-81
home improvement store,home improvement store,84.0,,,-84
shipping and mailing service,shipping and mailing service,86.0,,,-86
bicycle store,bicycle store,86.0,,,-86
cannabis store,cannabis store,87.0,,,-87
musical instrument store,musical instrument store,93.0,,,-93
toy store,toy store,99.0,,,-99
electronics store,electronics store,242.0,electronics store,143.0,-99
appliance store,appliance store,102.0,,,-102
cafe,cafe,102.0,,,-102
barbecue restaurant,barbecue restaurant,102.0,,,-102
vintage clothing store,vintage clothing store,106.0,,,-106
paint store,paint store,110.0,,,-110
electrical supply store,electrical supply store,112.0,,,-112
fabric store,fabric store,115.0,,,-115
lighting store,lighting store,129.0,lighting store,13.0,-116
south indian restaurant,indian restaurant,119.0,south indian restaurant,2.0,-117
north indian restaurant,indian restaurant,119.0,north indian restaurant,2.0,-117
mattress store,mattress store,162.0,mattress store,37.0,-125
party store,party store,129.0,,,-129
antique store,antique store,131.0,,,-131
department store,department store,255.0,department store,120.0,-135
flooring store,flooring store,136.0,,,-136
computer store,computer store,137.0,,,-137
sporting goods store,sporting goods store,147.0,,,-147
taco restaurant,taco restaurant,151.0,,,-151
dollar store,dollar store,160.0,,,-160
thrift store,thrift store,164.0,,,-164
cosmetics store,cosmetics store,184.0,,,-184
home goods store,home goods store,197.0,,,-197
shoe store,shoe store,399.0,shoe store,200.0,-199
auto parts store,auto parts store,200.0,,,-200
medical supply store,medical supply store,227.0,medical supply store,20.0,-207
chicken restaurant,chicken restaurant,209.0,,,-209
salvadoran restaurant,salvadoran restaurant,238.0,salvadoran restaurant,16.0,-222
furniture / home store,furniture store,591.0,furniture / home store,365.0,-226
furniture store,furniture store,591.0,furniture / home store,365.0,-226
pet supply store,pet supply store,232.0,,,-232
drugstore,drug store,279.0,drugstore,1.0,-278
drug store,drug store,279.0,drugstore,1.0,-278
beauty supply store,beauty supply store,300.0,,,-300
mexican restaurant,mexican restaurant,1606.0,mexican restaurant,1289.0,-317
sandwich shop,sandwich shop,348.0,,,-348
store,store,376.0,,,-376
hamburger restaurant,hamburger restaurant,403.0,,,-403
liquor store,liquor store,756.0,liquor store,215.0,-541
cell phone store,cell phone store,555.0,,,-555
pizza restaurant,pizza restaurant,559.0,,,-559
clothing store,clothing store,1105.0,clothing store,402.0,-703
restaurant,restaurant,1638.0,restaurant,374.0,-1264
grocery store,grocery store,1677.0,grocery store,374.0,-1303
